Design smell,Namespace,Class,File,Cause
Unnecessary Abstraction,Ocelot.Provider.Eureka,EurekaProviderFactory,C:\Users\victo\Downloads\Ocelot-develop\Ocelot-develop\src\Ocelot.Provider.Eureka\EurekaProviderFactory.cs,The tool detected the smell in this class because the class contains only a few data members without any method implementation' that indicates that the abstraction might not be required. Following fields and properties are declared in this class: ' Get
Unutilized Abstraction,Ocelot.Provider.Eureka,OcelotBuilderExtensions,C:\Users\victo\Downloads\Ocelot-develop\Ocelot-develop\src\Ocelot.Provider.Eureka\OcelotBuilderExtensions.cs,The tool detected the smell in this class because this class is potentially unused.   (Please ignore the smell if the reported class is auto-generated and/or used to serve a specific known purpose.)
Deficient Encapsulation,Ocelot.Provider.Eureka,EurekaMiddlewareConfigurationProvider,C:\Users\victo\Downloads\Ocelot-develop\Ocelot-develop\src\Ocelot.Provider.Eureka\EurekaMiddlewareConfigurationProvider.cs,The tool detected the smell in this class because the class exposes fields belonging to it with public accessibility. Following fields are declared with public accessiblity: Get
Deficient Encapsulation,Ocelot.Provider.Eureka,EurekaMiddlewareConfigurationProvider,C:\Users\victo\Downloads\Ocelot-develop\Ocelot-develop\src\Ocelot.Provider.Eureka\EurekaMiddlewareConfigurationProvider.cs,The tool detected the smell in this class because the class declares global (public static) fields. Following fields are declared with public static modifiers: Get
Deficient Encapsulation,Ocelot.Provider.Eureka,EurekaProviderFactory,C:\Users\victo\Downloads\Ocelot-develop\Ocelot-develop\src\Ocelot.Provider.Eureka\EurekaProviderFactory.cs,The tool detected the smell in this class because the class exposes fields belonging to it with public accessibility. Following fields are declared with public accessiblity: Get
Deficient Encapsulation,Ocelot.Provider.Eureka,EurekaProviderFactory,C:\Users\victo\Downloads\Ocelot-develop\Ocelot-develop\src\Ocelot.Provider.Eureka\EurekaProviderFactory.cs,The tool detected the smell in this class because the class declares global (public static) fields. Following fields are declared with public static modifiers: Get
