Design smell,Namespace,Class,File,Cause
Unnecessary Abstraction,Ocelot.Administration,IdentityServerMiddlewareConfigurationProvider,C:\Users\victo\Downloads\Ocelot-develop\Ocelot-develop\src\Ocelot.Administration\IdentityServerMiddlewareConfigurationProvider.cs,The tool detected the smell in this class because the class contains only a few data members without any method implementation' that indicates that the abstraction might not be required. Following fields and properties are declared in this class: ' Get
Unutilized Abstraction,Ocelot.Administration,OcelotBuilderExtensions,C:\Users\victo\Downloads\Ocelot-develop\Ocelot-develop\src\Ocelot.Administration\OcelotBuilderExtensions.cs,The tool detected the smell in this class because this class is potentially unused.   (Please ignore the smell if the reported class is auto-generated and/or used to serve a specific known purpose.)
Deficient Encapsulation,Ocelot.Administration,IdentityServerMiddlewareConfigurationProvider,C:\Users\victo\Downloads\Ocelot-develop\Ocelot-develop\src\Ocelot.Administration\IdentityServerMiddlewareConfigurationProvider.cs,The tool detected the smell in this class because the class exposes fields belonging to it with public accessibility. Following fields are declared with public accessiblity: Get
Deficient Encapsulation,Ocelot.Administration,IdentityServerMiddlewareConfigurationProvider,C:\Users\victo\Downloads\Ocelot-develop\Ocelot-develop\src\Ocelot.Administration\IdentityServerMiddlewareConfigurationProvider.cs,The tool detected the smell in this class because the class declares global (public static) fields. Following fields are declared with public static modifiers: Get
Broken Modularization,Ocelot.Administration,IIdentityServerConfiguration,C:\Users\victo\Downloads\Ocelot-develop\Ocelot-develop\src\Ocelot.Administration\IIdentityServerConfiguration.cs,The tool detected the smell in this class because it contains only data members without any method implementation. Following fields and properties are declared in this class: ApiName' ApiSecret' RequireHttps' AllowedScopes' CredentialsSigningCertificateLocation' CredentialsSigningCertificatePassword
