Design smell,Namespace,Class,File,Cause
Unutilized Abstraction,Ocelot.Authentication.Middleware,AuthenticationMiddlewareMiddlewareExtensions,C:\Users\victo\Downloads\Ocelot-develop\Ocelot-develop\src\Ocelot\Authentication\Middleware\AuthenticationMiddlewareMiddlewareExtensions.cs,The tool detected the smell in this class because this class is potentially unused.   (Please ignore the smell if the reported class is auto-generated and/or used to serve a specific known purpose.)
Unutilized Abstraction,Ocelot.Authorization.Middleware,AuthorizationMiddlewareMiddlewareExtensions,C:\Users\victo\Downloads\Ocelot-develop\Ocelot-develop\src\Ocelot\Authorization\Middleware\AuthorizationMiddlewareMiddlewareExtensions.cs,The tool detected the smell in this class because this class is potentially unused.   (Please ignore the smell if the reported class is auto-generated and/or used to serve a specific known purpose.)
Unutilized Abstraction,Ocelot.Cache,CacheObject<T>,C:\Users\victo\Downloads\Ocelot-develop\Ocelot-develop\src\Ocelot\Cache\CacheObject.cs,The tool detected the smell in this class because this class is potentially unused.   (Please ignore the smell if the reported class is auto-generated and/or used to serve a specific known purpose.)
Unutilized Abstraction,Ocelot.Cache.Middleware,OutputCacheMiddlewareExtensions,C:\Users\victo\Downloads\Ocelot-develop\Ocelot-develop\src\Ocelot\Cache\Middleware\OutputCacheMiddlewareExtensions.cs,The tool detected the smell in this class because this class is potentially unused.   (Please ignore the smell if the reported class is auto-generated and/or used to serve a specific known purpose.)
Unutilized Abstraction,Ocelot.Claims.Middleware,ClaimsBuilderMiddlewareExtensions,C:\Users\victo\Downloads\Ocelot-develop\Ocelot-develop\src\Ocelot\Claims\Middleware\ClaimsBuilderMiddlewareExtensions.cs,The tool detected the smell in this class because this class is potentially unused.   (Please ignore the smell if the reported class is auto-generated and/or used to serve a specific known purpose.)
Unnecessary Abstraction,Ocelot.Configuration.File,AggregateRouteConfig,C:\Users\victo\Downloads\Ocelot-develop\Ocelot-develop\src\Ocelot\Configuration\File\AggregateRouteConfig.cs,The tool detected the smell in this class because the class contains only a few data members without any method implementation' that indicates that the abstraction might not be required. Following fields and properties are declared in this class: RouteKey' Parameter' JsonPath
Unnecessary Abstraction,Ocelot.Configuration.File,FileCacheOptions,C:\Users\victo\Downloads\Ocelot-develop\Ocelot-develop\src\Ocelot\Configuration\File\FileCacheOptions.cs,The tool detected the smell in this class because the class contains only a few data members without any method implementation' that indicates that the abstraction might not be required. Following fields and properties are declared in this class: TtlSeconds' Region
Unnecessary Abstraction,Ocelot.Configuration.File,FileDynamicRoute,C:\Users\victo\Downloads\Ocelot-develop\Ocelot-develop\src\Ocelot\Configuration\File\FileDynamicRoute.cs,The tool detected the smell in this class because the class contains only a few data members without any method implementation' that indicates that the abstraction might not be required. Following fields and properties are declared in this class: ServiceName' RateLimitRule' DownstreamHttpVersion
Unnecessary Abstraction,Ocelot.Configuration.File,FileHostAndPort,C:\Users\victo\Downloads\Ocelot-develop\Ocelot-develop\src\Ocelot\Configuration\File\FileHostAndPort.cs,The tool detected the smell in this class because the class contains only a few data members without any method implementation' that indicates that the abstraction might not be required. Following fields and properties are declared in this class: Host' Port
Unnecessary Abstraction,Ocelot.Configuration.File,FileJwtConfig,C:\Users\victo\Downloads\Ocelot-develop\Ocelot-develop\src\Ocelot\Configuration\File\FileJwtConfig.cs,The tool detected the smell in this class because the class contains only a few data members without any method implementation' that indicates that the abstraction might not be required. Following fields and properties are declared in this class: Authority' Audience
Unutilized Abstraction,Ocelot.Configuration.File,FileJwtConfig,C:\Users\victo\Downloads\Ocelot-develop\Ocelot-develop\src\Ocelot\Configuration\File\FileJwtConfig.cs,The tool detected the smell in this class because this class is potentially unused.   (Please ignore the smell if the reported class is auto-generated and/or used to serve a specific known purpose.)
Unnecessary Abstraction,Ocelot.Configuration.File,FileLoadBalancerOptions,C:\Users\victo\Downloads\Ocelot-develop\Ocelot-develop\src\Ocelot\Configuration\File\FileLoadBalancerOptions.cs,The tool detected the smell in this class because the class contains only a few data members without any method implementation' that indicates that the abstraction might not be required. Following fields and properties are declared in this class: Type' Key' Expiry
Unnecessary Abstraction,Ocelot.Configuration.File,FileQoSOptions,C:\Users\victo\Downloads\Ocelot-develop\Ocelot-develop\src\Ocelot\Configuration\File\FileQoSOptions.cs,The tool detected the smell in this class because the class contains only a few data members without any method implementation' that indicates that the abstraction might not be required. Following fields and properties are declared in this class: ExceptionsAllowedBeforeBreaking' DurationOfBreak' TimeoutValue
Unnecessary Abstraction,Ocelot.Configuration.File,FileRateLimitOptions,C:\Users\victo\Downloads\Ocelot-develop\Ocelot-develop\src\Ocelot\Configuration\File\FileRateLimitOptions.cs,The tool detected the smell in this class because the class contains only a few data members without any method implementation' that indicates that the abstraction might not be required. Following fields and properties are declared in this class: ClientIdHeader' QuotaExceededMessage' RateLimitCounterPrefix' DisableRateLimitHeaders' HttpStatusCode
Unnecessary Abstraction,Ocelot.Configuration.File,IRoute,C:\Users\victo\Downloads\Ocelot-develop\Ocelot-develop\src\Ocelot\Configuration\File\IReRoute.cs,The tool detected the smell in this class because the class contains only a few data members without any method implementation' that indicates that the abstraction might not be required. Following fields and properties are declared in this class: UpstreamPathTemplate' RouteIsCaseSensitive' Priority
Unnecessary Abstraction,Ocelot.Configuration.Repository,IFileConfigurationPollerOptions,C:\Users\victo\Downloads\Ocelot-develop\Ocelot-develop\src\Ocelot\Configuration\Repository\IFileConfigurationPollerOptions.cs,The tool detected the smell in this class because the class contains only a few data members without any method implementation' that indicates that the abstraction might not be required. Following fields and properties are declared in this class: Delay
Unnecessary Abstraction,Ocelot.Configuration.Repository,InMemoryFileConfigurationPollerOptions,C:\Users\victo\Downloads\Ocelot-develop\Ocelot-develop\src\Ocelot\Configuration\Repository\InMemoryFileConfigurationPollerOptions.cs,The tool detected the smell in this class because the class contains only a few data members without any method implementation' that indicates that the abstraction might not be required. Following fields and properties are declared in this class: Delay
Unutilized Abstraction,Ocelot.DependencyInjection,ConfigurationBuilderExtensions,C:\Users\victo\Downloads\Ocelot-develop\Ocelot-develop\src\Ocelot\DependencyInjection\ConfigurationBuilderExtensions.cs,The tool detected the smell in this class because this class is potentially unused.   (Please ignore the smell if the reported class is auto-generated and/or used to serve a specific known purpose.)
Unnecessary Abstraction,Ocelot.DependencyInjection,IAdministrationPath,C:\Users\victo\Downloads\Ocelot-develop\Ocelot-develop\src\Ocelot\DependencyInjection\IAdministrationPath.cs,The tool detected the smell in this class because the class contains only a few data members without any method implementation' that indicates that the abstraction might not be required. Following fields and properties are declared in this class: Path
Unnecessary Abstraction,Ocelot.DependencyInjection,IOcelotAdministrationBuilder,C:\Users\victo\Downloads\Ocelot-develop\Ocelot-develop\src\Ocelot\DependencyInjection\IOcelotAdministrationBuilder.cs,The tool detected the smell in this class because the class contains only a few data members without any method implementation' that indicates that the abstraction might not be required. Following fields and properties are declared in this class: Services' ConfigurationRoot
Unutilized Abstraction,Ocelot.DependencyInjection,ServiceCollectionExtensions,C:\Users\victo\Downloads\Ocelot-develop\Ocelot-develop\src\Ocelot\DependencyInjection\ServiceCollectionExtensions.cs,The tool detected the smell in this class because this class is potentially unused.   (Please ignore the smell if the reported class is auto-generated and/or used to serve a specific known purpose.)
Unutilized Abstraction,Ocelot.DownstreamPathManipulation.Middleware,ClaimsToDownstreamPathMiddlewareExtensions,C:\Users\victo\Downloads\Ocelot-develop\Ocelot-develop\src\Ocelot\DownstreamPathManipulation\Middleware\ClaimsToDownstreamPathMiddlewareExtensions.cs,The tool detected the smell in this class because this class is potentially unused.   (Please ignore the smell if the reported class is auto-generated and/or used to serve a specific known purpose.)
Unutilized Abstraction,Ocelot.DownstreamRouteFinder.Middleware,DownstreamRouteFinderMiddlewareExtensions,C:\Users\victo\Downloads\Ocelot-develop\Ocelot-develop\src\Ocelot\DownstreamRouteFinder\Middleware\DownstreamRouteFinderMiddlewareExtensions.cs,The tool detected the smell in this class because this class is potentially unused.   (Please ignore the smell if the reported class is auto-generated and/or used to serve a specific known purpose.)
Unutilized Abstraction,Ocelot.DownstreamUrlCreator.Middleware,DownstreamUrlCreatorMiddlewareExtensions,C:\Users\victo\Downloads\Ocelot-develop\Ocelot-develop\src\Ocelot\DownstreamUrlCreator\Middleware\DownstreamUrlCreatorMiddlewareExtensions.cs,The tool detected the smell in this class because this class is potentially unused.   (Please ignore the smell if the reported class is auto-generated and/or used to serve a specific known purpose.)
Unutilized Abstraction,Ocelot.Errors.Middleware,ExceptionHandlerMiddlewareExtensions,C:\Users\victo\Downloads\Ocelot-develop\Ocelot-develop\src\Ocelot\Errors\Middleware\ExceptionHandlerMiddlewareExtensions.cs,The tool detected the smell in this class because this class is potentially unused.   (Please ignore the smell if the reported class is auto-generated and/or used to serve a specific known purpose.)
Unutilized Abstraction,Ocelot.Headers.Middleware,ClaimsToHeadersMiddlewareExtensions,C:\Users\victo\Downloads\Ocelot-develop\Ocelot-develop\src\Ocelot\Headers\Middleware\ClaimsToHeadersMiddlewareExtensions.cs,The tool detected the smell in this class because this class is potentially unused.   (Please ignore the smell if the reported class is auto-generated and/or used to serve a specific known purpose.)
Unutilized Abstraction,Ocelot.Headers.Middleware,HttpHeadersTransformationMiddlewareExtensions,C:\Users\victo\Downloads\Ocelot-develop\Ocelot-develop\src\Ocelot\Headers\Middleware\HttpHeadersTransformationMiddlewareExtensions.cs,The tool detected the smell in this class because this class is potentially unused.   (Please ignore the smell if the reported class is auto-generated and/or used to serve a specific known purpose.)
Unutilized Abstraction,Ocelot.Infrastructure.Extensions,ErrorListExtensions,C:\Users\victo\Downloads\Ocelot-develop\Ocelot-develop\src\Ocelot\Infrastructure\Extensions\ErrorListExtensions.cs,The tool detected the smell in this class because this class is potentially unused.   (Please ignore the smell if the reported class is auto-generated and/or used to serve a specific known purpose.)
Unutilized Abstraction,Ocelot.Infrastructure.Extensions,NetCoreSupportExtensions,C:\Users\victo\Downloads\Ocelot-develop\Ocelot-develop\src\Ocelot\Infrastructure\Extensions\NetCoreSupportExtensions.cs,The tool detected the smell in this class because this class is potentially unused.   (Please ignore the smell if the reported class is auto-generated and/or used to serve a specific known purpose.)
Unutilized Abstraction,Ocelot.Infrastructure.Extensions,StringExtensions,C:\Users\victo\Downloads\Ocelot-develop\Ocelot-develop\src\Ocelot\Infrastructure\Extensions\StringExtensions.cs,The tool detected the smell in this class because this class is potentially unused.   (Please ignore the smell if the reported class is auto-generated and/or used to serve a specific known purpose.)
Unutilized Abstraction,Ocelot.Infrastructure.Extensions,StringValuesExtensions,C:\Users\victo\Downloads\Ocelot-develop\Ocelot-develop\src\Ocelot\Infrastructure\Extensions\StringValuesExtensions.cs,The tool detected the smell in this class because this class is potentially unused.   (Please ignore the smell if the reported class is auto-generated and/or used to serve a specific known purpose.)
Unutilized Abstraction,Ocelot.LoadBalancer.Middleware,LoadBalancingMiddlewareExtensions,C:\Users\victo\Downloads\Ocelot-develop\Ocelot-develop\src\Ocelot\LoadBalancer\Middleware\LoadBalancingMiddlewareExtensions.cs,The tool detected the smell in this class because this class is potentially unused.   (Please ignore the smell if the reported class is auto-generated and/or used to serve a specific known purpose.)
Unutilized Abstraction,Ocelot.Middleware,DownstreamContextMiddlewareExtensions,C:\Users\victo\Downloads\Ocelot-develop\Ocelot-develop\src\Ocelot\Middleware\DownstreamContextMiddlewareExtensions.cs,The tool detected the smell in this class because this class is potentially unused.   (Please ignore the smell if the reported class is auto-generated and/or used to serve a specific known purpose.)
Unutilized Abstraction,Ocelot.Middleware,HttpItemsExtensions,C:\Users\victo\Downloads\Ocelot-develop\Ocelot-develop\src\Ocelot\Middleware\HttpItemsExtensions.cs,The tool detected the smell in this class because this class is potentially unused.   (Please ignore the smell if the reported class is auto-generated and/or used to serve a specific known purpose.)
Unutilized Abstraction,Ocelot.Middleware,OcelotMiddlewareExtensions,C:\Users\victo\Downloads\Ocelot-develop\Ocelot-develop\src\Ocelot\Middleware\OcelotMiddlewareExtensions.cs,The tool detected the smell in this class because this class is potentially unused.   (Please ignore the smell if the reported class is auto-generated and/or used to serve a specific known purpose.)
Imperative Abstraction,Ocelot.Middleware,OcelotPipelineExtensions,C:\Users\victo\Downloads\Ocelot-develop\Ocelot-develop\src\Ocelot\Middleware\OcelotPipelineExtensions.cs,The tool detected the smell in this class because it looks like that an operation is turned into a class. This class contains only the following public method: BuildOcelotPipeline
Unutilized Abstraction,Ocelot.Middleware,OcelotPipelineExtensions,C:\Users\victo\Downloads\Ocelot-develop\Ocelot-develop\src\Ocelot\Middleware\OcelotPipelineExtensions.cs,The tool detected the smell in this class because this class is potentially unused.   (Please ignore the smell if the reported class is auto-generated and/or used to serve a specific known purpose.)
Imperative Abstraction,Ocelot.Multiplexer,MultiplexingMiddleware,C:\Users\victo\Downloads\Ocelot-develop\Ocelot-develop\src\Ocelot\Multiplexer\MultiplexingMiddleware.cs,The tool detected the smell in this class because it looks like that an operation is turned into a class. This class contains only the following public method: Invoke
Unutilized Abstraction,Ocelot.Multiplexer,MultiplexingMiddlewareExtensions,C:\Users\victo\Downloads\Ocelot-develop\Ocelot-develop\src\Ocelot\Multiplexer\MultiplexingMiddlewareExtensions.cs,The tool detected the smell in this class because this class is potentially unused.   (Please ignore the smell if the reported class is auto-generated and/or used to serve a specific known purpose.)
Unutilized Abstraction,Ocelot.QueryStrings.Middleware,ClaimsToQueryStringMiddlewareExtensions,C:\Users\victo\Downloads\Ocelot-develop\Ocelot-develop\src\Ocelot\QueryStrings\Middleware\ClaimsToQueryStringMiddlewareExtensions.cs,The tool detected the smell in this class because this class is potentially unused.   (Please ignore the smell if the reported class is auto-generated and/or used to serve a specific known purpose.)
Unutilized Abstraction,Ocelot.RateLimit.Middleware,RateLimitMiddlewareExtensions,C:\Users\victo\Downloads\Ocelot-develop\Ocelot-develop\src\Ocelot\RateLimit\Middleware\RateLimitMiddlewareExtensions.cs,The tool detected the smell in this class because this class is potentially unused.   (Please ignore the smell if the reported class is auto-generated and/or used to serve a specific known purpose.)
Unnecessary Abstraction,Ocelot.Requester,ITracingHandler,C:\Users\victo\Downloads\Ocelot-develop\Ocelot-develop\src\Ocelot\Requester\ITracingHandler.cs,The tool detected the smell in this class because the class contains only a few data members without any method implementation' that indicates that the abstraction might not be required. Following fields and properties are declared in this class: 
Unnecessary Abstraction,Ocelot.Requester,NoQosDelegatingHandler,C:\Users\victo\Downloads\Ocelot-develop\Ocelot-develop\src\Ocelot\Requester\NoQosDelegatingHandler.cs,The tool detected the smell in this class because the class contains only a few data members without any method implementation' that indicates that the abstraction might not be required. Following fields and properties are declared in this class: 
Unutilized Abstraction,Ocelot.Requester.Middleware,HttpRequesterMiddlewareExtensions,C:\Users\victo\Downloads\Ocelot-develop\Ocelot-develop\src\Ocelot\Requester\Middleware\HttpRequesterMiddlewareExtensions.cs,The tool detected the smell in this class because this class is potentially unused.   (Please ignore the smell if the reported class is auto-generated and/or used to serve a specific known purpose.)
Unnecessary Abstraction,Ocelot.RequestId,DefaultRequestIdKey,C:\Users\victo\Downloads\Ocelot-develop\Ocelot-develop\src\Ocelot\RequestId\DefaultRequestIdKey.cs,The tool detected the smell in this class because the class contains only a few data members without any method implementation' that indicates that the abstraction might not be required. Following fields and properties are declared in this class: ' Value
Unutilized Abstraction,Ocelot.RequestId.Middleware,RequestIdMiddlewareExtensions,C:\Users\victo\Downloads\Ocelot-develop\Ocelot-develop\src\Ocelot\RequestId\Middleware\RequestIdMiddlewareExtensions.cs,The tool detected the smell in this class because this class is potentially unused.   (Please ignore the smell if the reported class is auto-generated and/or used to serve a specific known purpose.)
Unutilized Abstraction,Ocelot.Request.Middleware,HttpRequestBuilderMiddlewareExtensions,C:\Users\victo\Downloads\Ocelot-develop\Ocelot-develop\src\Ocelot\Request\Middleware\HttpRequestBuilderMiddlewareExtensions.cs,The tool detected the smell in this class because this class is potentially unused.   (Please ignore the smell if the reported class is auto-generated and/or used to serve a specific known purpose.)
Unutilized Abstraction,Ocelot.Responder.Middleware,ResponderMiddlewareExtensions,C:\Users\victo\Downloads\Ocelot-develop\Ocelot-develop\src\Ocelot\Responder\Middleware\ResponderMiddlewareExtensions.cs,The tool detected the smell in this class because this class is potentially unused.   (Please ignore the smell if the reported class is auto-generated and/or used to serve a specific known purpose.)
Unutilized Abstraction,Ocelot.Security.Middleware,SecurityMiddlewareExtensions,C:\Users\victo\Downloads\Ocelot-develop\Ocelot-develop\src\Ocelot\Security\Middleware\SecurityMiddlewareExtensions.cs,The tool detected the smell in this class because this class is potentially unused.   (Please ignore the smell if the reported class is auto-generated and/or used to serve a specific known purpose.)
Unutilized Abstraction,Ocelot.WebSockets.Middleware,WebSocketsProxyMiddlewareExtensions,C:\Users\victo\Downloads\Ocelot-develop\Ocelot-develop\src\Ocelot\WebSockets\Middleware\WebSocketsProxyMiddlewareExtensions.cs,The tool detected the smell in this class because this class is potentially unused.   (Please ignore the smell if the reported class is auto-generated and/or used to serve a specific known purpose.)
Broken Modularization,Ocelot.Configuration,IInternalConfiguration,C:\Users\victo\Downloads\Ocelot-develop\Ocelot-develop\src\Ocelot\Configuration\IInternalConfiguration.cs,The tool detected the smell in this class because it contains only data members without any method implementation. Following fields and properties are declared in this class: Routes' AdministrationPath' ServiceProviderConfiguration' RequestId' LoadBalancerOptions' DownstreamScheme' QoSOptions' HttpHandlerOptions' DownstreamHttpVersion
Insufficient Modularization,Ocelot.Configuration.Builder,DownstreamRouteBuilder,C:\Users\victo\Downloads\Ocelot-develop\Ocelot-develop\src\Ocelot\Configuration\Builder\DownstreamReRouteBuilder.cs,The tool detected the smell in this class becuase the class has bloated interface (large number of public methods). Total public methods in the class: 37 public methods
Insufficient Modularization,Ocelot.Configuration.Builder,DownstreamRouteBuilder,C:\Users\victo\Downloads\Ocelot-develop\Ocelot-develop\src\Ocelot\Configuration\Builder\DownstreamReRouteBuilder.cs,The tool detected the smell in this class because the class contains large number of methods. Total methods in the class: 37 methods
Broken Modularization,Ocelot.Configuration.File,FileAggregateRoute,C:\Users\victo\Downloads\Ocelot-develop\Ocelot-develop\src\Ocelot\Configuration\File\FileAggregateRoute.cs,The tool detected the smell in this class because it contains only data members without any method implementation. Following fields and properties are declared in this class: RouteKeys' RouteKeysConfig' UpstreamPathTemplate' UpstreamHost' RouteIsCaseSensitive' Aggregator' UpstreamHttpMethod' Priority
Broken Modularization,Ocelot.Configuration.File,FileRateLimitOptions,C:\Users\victo\Downloads\Ocelot-develop\Ocelot-develop\src\Ocelot\Configuration\File\FileRateLimitOptions.cs,The tool detected the smell in this class because it contains only data members without any method implementation. Following fields and properties are declared in this class: ClientIdHeader' QuotaExceededMessage' RateLimitCounterPrefix' DisableRateLimitHeaders' HttpStatusCode
Broken Modularization,Ocelot.Configuration.File,FileServiceDiscoveryProvider,C:\Users\victo\Downloads\Ocelot-develop\Ocelot-develop\src\Ocelot\Configuration\File\FileServiceDiscoveryProvider.cs,The tool detected the smell in this class because it contains only data members without any method implementation. Following fields and properties are declared in this class: Scheme' Host' Port' Type' Token' ConfigurationKey' PollingInterval' Namespace
Broken Modularization,Ocelot.Middleware,OcelotPipelineConfiguration,C:\Users\victo\Downloads\Ocelot-develop\Ocelot-develop\src\Ocelot\Middleware\OcelotPipelineConfiguration.cs,The tool detected the smell in this class because it contains only data members without any method implementation. Following fields and properties are declared in this class: PreErrorResponderMiddleware' PreAuthenticationMiddleware' AuthenticationMiddleware' PreAuthorizationMiddleware' AuthorizationMiddleware' PreQueryStringBuilderMiddleware' MapWhenOcelotPipeline
Broken Hierarchy,Ocelot.Authorization,ClaimValueNotAuthorizedError,C:\Users\victo\Downloads\Ocelot-develop\Ocelot-develop\src\Ocelot\Authorization\ClaimValueNotAuthorizedError.cs,The tool detected a potential instance of the smell because this type does not implement or override any method from it's supertype(s): Ocelot.Errors.Error
Broken Hierarchy,Ocelot.Authorization,ScopeNotAuthorizedError,C:\Users\victo\Downloads\Ocelot-develop\Ocelot-develop\src\Ocelot\Authorization\ScopeNotAuthorizedError.cs,The tool detected a potential instance of the smell because this type does not implement or override any method from it's supertype(s): Ocelot.Errors.Error
Broken Hierarchy,Ocelot.Authorization,UnauthorizedError,C:\Users\victo\Downloads\Ocelot-develop\Ocelot-develop\src\Ocelot\Authorization\UnauthorizedError.cs,The tool detected a potential instance of the smell because this type does not implement or override any method from it's supertype(s): Ocelot.Errors.Error
Broken Hierarchy,Ocelot.Authorization,UserDoesNotHaveClaimError,C:\Users\victo\Downloads\Ocelot-develop\Ocelot-develop\src\Ocelot\Authorization\UserDoesNotHaveClaimError.cs,The tool detected a potential instance of the smell because this type does not implement or override any method from it's supertype(s): Ocelot.Errors.Error
Broken Hierarchy,Ocelot.Configuration.Parser,InstructionNotForClaimsError,C:\Users\victo\Downloads\Ocelot-develop\Ocelot-develop\src\Ocelot\Configuration\Parser\InstructionNotForClaimsError.cs,The tool detected a potential instance of the smell because this type does not implement or override any method from it's supertype(s): Ocelot.Errors.Error
Broken Hierarchy,Ocelot.Configuration.Parser,NoInstructionsError,C:\Users\victo\Downloads\Ocelot-develop\Ocelot-develop\src\Ocelot\Configuration\Parser\NoInstructionsError.cs,The tool detected a potential instance of the smell because this type does not implement or override any method from it's supertype(s): Ocelot.Errors.Error
Broken Hierarchy,Ocelot.Configuration.Parser,ParsingConfigurationHeaderError,C:\Users\victo\Downloads\Ocelot-develop\Ocelot-develop\src\Ocelot\Configuration\Parser\ParsingConfigurationHeaderError.cs,The tool detected a potential instance of the smell because this type does not implement or override any method from it's supertype(s): Ocelot.Errors.Error
Broken Hierarchy,Ocelot.Configuration.Validator,FileValidationFailedError,C:\Users\victo\Downloads\Ocelot-develop\Ocelot-develop\src\Ocelot\Configuration\Validator\FileValidationFailedError.cs,The tool detected a potential instance of the smell because this type does not implement or override any method from it's supertype(s): Ocelot.Errors.Error
Broken Hierarchy,Ocelot.DownstreamRouteFinder.Finder,UnableToFindDownstreamRouteError,C:\Users\victo\Downloads\Ocelot-develop\Ocelot-develop\src\Ocelot\DownstreamRouteFinder\Finder\UnableToFindDownstreamRouteError.cs,The tool detected a potential instance of the smell because this type does not implement or override any method from it's supertype(s): Ocelot.Errors.Error
Wide Hierarchy,Ocelot.Errors,Error,C:\Users\victo\Downloads\Ocelot-develop\Ocelot-develop\src\Ocelot\Errors\Error.cs,The tool detected the smell in this class because the number of children for the class is large. This class has following sub-classes: Ocelot.Authorization.ClaimValueNotAuthorizedError' Ocelot.Authorization.ScopeNotAuthorizedError' Ocelot.Authorization.UnauthorizedError' Ocelot.Authorization.UserDoesNotHaveClaimError' Ocelot.Configuration.Parser.InstructionNotForClaimsError' Ocelot.Configuration.Parser.NoInstructionsError' Ocelot.Configuration.Parser.ParsingConfigurationHeaderError' Ocelot.Configuration.Validator.FileValidationFailedError' Ocelot.DownstreamRouteFinder.Finder.UnableToFindDownstreamRouteError' Ocelot.Infrastructure.CannotAddPlaceholderError' Ocelot.Infrastructure.CannotRemovePlaceholderError' Ocelot.Infrastructure.CouldNotFindPlaceholderError' Ocelot.Infrastructure.Claims.Parser.CannotFindClaimError' Ocelot.Infrastructure.RequestData.CannotAddDataError' Ocelot.Infrastructure.RequestData.CannotFindDataError' Ocelot.LoadBalancer.LoadBalancers.CouldNotFindLoadBalancerCreator' Ocelot.LoadBalancer.LoadBalancers.ErrorInvokingLoadBalancerCreator' Ocelot.LoadBalancer.LoadBalancers.ServicesAreEmptyError' Ocelot.LoadBalancer.LoadBalancers.ServicesAreNullError' Ocelot.LoadBalancer.LoadBalancers.UnableToFindLoadBalancerError' Ocelot.Middleware.UnauthenticatedError' Ocelot.Multiplexer.CouldNotFindAggregatorError' Ocelot.RateLimit.QuotaExceededError' Ocelot.Requester.ConnectionToDownstreamServiceError' Ocelot.Requester.RequestCanceledError' Ocelot.Requester.UnableToCompleteRequestError' Ocelot.Requester.QoS.UnableToFindQoSProviderError' Ocelot.Request.Mapper.UnmappableRequestError' Ocelot.ServiceDiscovery.UnableToFindServiceDiscoveryProviderError' Ocelot.UnitTests.Claims.AnyError' Ocelot.UnitTests.Controllers.FakeError' Ocelot.UnitTests.Errors.FakeError' Ocelot.UnitTests.Headers.AnyError' Ocelot.UnitTests.Infrastructure.FakeError' Ocelot.UnitTests.QueryStrings.AnyError' Ocelot.UnitTests.Responder.AnyError' Ocelot.Provider.Consul.UnableToSetConfigInConsulError' Ocelot.Provider.Polly.RequestTimedOutError' Ocelot.Provider.Consul.UnableToSetConfigInConsulError' Ocelot.Provider.Polly.RequestTimedOutError
Broken Hierarchy,Ocelot.Infrastructure,CannotAddPlaceholderError,C:\Users\victo\Downloads\Ocelot-develop\Ocelot-develop\src\Ocelot\Infrastructure\CannotAddPlaceholderError.cs,The tool detected a potential instance of the smell because this type does not implement or override any method from it's supertype(s): Ocelot.Errors.Error
Broken Hierarchy,Ocelot.Infrastructure,CannotRemovePlaceholderError,C:\Users\victo\Downloads\Ocelot-develop\Ocelot-develop\src\Ocelot\Infrastructure\CannotRemovePlaceholderError.cs,The tool detected a potential instance of the smell because this type does not implement or override any method from it's supertype(s): Ocelot.Errors.Error
Rebellious Hierarchy,Ocelot.Infrastructure,ConfigAwarePlaceholders,C:\Users\victo\Downloads\Ocelot-develop\Ocelot-develop\src\Ocelot\Infrastructure\ConfigAwarePlaceholders.cs,The tool detected the smell in this class because method(s) of this class reject the methods provided by its supertypes. The method(s) that reject the suptertype's method are: Add' Remove
Broken Hierarchy,Ocelot.Infrastructure,CouldNotFindPlaceholderError,C:\Users\victo\Downloads\Ocelot-develop\Ocelot-develop\src\Ocelot\Infrastructure\CouldNotFindPlaceholderError.cs,The tool detected a potential instance of the smell because this type does not implement or override any method from it's supertype(s): Ocelot.Errors.Error
Broken Hierarchy,Ocelot.Infrastructure.Claims.Parser,CannotFindClaimError,C:\Users\victo\Downloads\Ocelot-develop\Ocelot-develop\src\Ocelot\Infrastructure\Claims\Parser\CannotFindClaimError.cs,The tool detected a potential instance of the smell because this type does not implement or override any method from it's supertype(s): Ocelot.Errors.Error
Broken Hierarchy,Ocelot.Infrastructure.RequestData,CannotAddDataError,C:\Users\victo\Downloads\Ocelot-develop\Ocelot-develop\src\Ocelot\Infrastructure\RequestData\CannotAddDataError.cs,The tool detected a potential instance of the smell because this type does not implement or override any method from it's supertype(s): Ocelot.Errors.Error
Broken Hierarchy,Ocelot.Infrastructure.RequestData,CannotFindDataError,C:\Users\victo\Downloads\Ocelot-develop\Ocelot-develop\src\Ocelot\Infrastructure\RequestData\CannotFindDataError.cs,The tool detected a potential instance of the smell because this type does not implement or override any method from it's supertype(s): Ocelot.Errors.Error
Rebellious Hierarchy,Ocelot.LoadBalancer.LoadBalancers,CookieStickySessions,C:\Users\victo\Downloads\Ocelot-develop\Ocelot-develop\src\Ocelot\LoadBalancer\LoadBalancers\CookieStickySessions.cs,The tool detected the smell in this class because method(s) of this class reject the methods provided by its supertypes. The method(s) that reject the suptertype's method are: Release
Broken Hierarchy,Ocelot.LoadBalancer.LoadBalancers,CouldNotFindLoadBalancerCreator,C:\Users\victo\Downloads\Ocelot-develop\Ocelot-develop\src\Ocelot\LoadBalancer\LoadBalancers\CouldNotFindLoadBalancerCreator.cs,The tool detected a potential instance of the smell because this type does not implement or override any method from it's supertype(s): Ocelot.Errors.Error
Broken Hierarchy,Ocelot.LoadBalancer.LoadBalancers,ErrorInvokingLoadBalancerCreator,C:\Users\victo\Downloads\Ocelot-develop\Ocelot-develop\src\Ocelot\LoadBalancer\LoadBalancers\ErrorInvokingLoadBalancerCreator.cs,The tool detected a potential instance of the smell because this type does not implement or override any method from it's supertype(s): Ocelot.Errors.Error
Wide Hierarchy,Ocelot.LoadBalancer.LoadBalancers,ILoadBalancer,C:\Users\victo\Downloads\Ocelot-develop\Ocelot-develop\src\Ocelot\LoadBalancer\LoadBalancers\ILoadBalancer.cs,The tool detected the smell in this class because the number of children for the class is large. This class has following sub-classes: Ocelot.LoadBalancer.LoadBalancers.CookieStickySessions' Ocelot.LoadBalancer.LoadBalancers.LeastConnection' Ocelot.LoadBalancer.LoadBalancers.NoLoadBalancer' Ocelot.LoadBalancer.LoadBalancers.RoundRobin' Ocelot.UnitTests.DependencyInjection.FakeCustomLoadBalancer' Ocelot.UnitTests.LoadBalancer.FakeLoadBalancer' Ocelot.UnitTests.LoadBalancer.FakeLoadBalancerOne' Ocelot.UnitTests.LoadBalancer.FakeLoadBalancerTwo' Ocelot.UnitTests.LoadBalancer.FakeNoLoadBalancer' Ocelot.UnitTests.LoadBalancer.BrokenLoadBalancer' Ocelot.UnitTests.LoadBalancer.FakeRoundRobinLoadBalancer' Ocelot.AcceptanceTests.CustomLoadBalancer
Rebellious Hierarchy,Ocelot.LoadBalancer.LoadBalancers,NoLoadBalancer,C:\Users\victo\Downloads\Ocelot-develop\Ocelot-develop\src\Ocelot\LoadBalancer\LoadBalancers\NoLoadBalancer.cs,The tool detected the smell in this class because method(s) of this class reject the methods provided by its supertypes. The method(s) that reject the suptertype's method are: Release
Rebellious Hierarchy,Ocelot.LoadBalancer.LoadBalancers,RoundRobin,C:\Users\victo\Downloads\Ocelot-develop\Ocelot-develop\src\Ocelot\LoadBalancer\LoadBalancers\RoundRobin.cs,The tool detected the smell in this class because method(s) of this class reject the methods provided by its supertypes. The method(s) that reject the suptertype's method are: Release
Broken Hierarchy,Ocelot.LoadBalancer.LoadBalancers,ServicesAreEmptyError,C:\Users\victo\Downloads\Ocelot-develop\Ocelot-develop\src\Ocelot\LoadBalancer\LoadBalancers\ServicesAreEmptyError.cs,The tool detected a potential instance of the smell because this type does not implement or override any method from it's supertype(s): Ocelot.Errors.Error
Broken Hierarchy,Ocelot.LoadBalancer.LoadBalancers,ServicesAreNullError,C:\Users\victo\Downloads\Ocelot-develop\Ocelot-develop\src\Ocelot\LoadBalancer\LoadBalancers\ServicesAreNullError.cs,The tool detected a potential instance of the smell because this type does not implement or override any method from it's supertype(s): Ocelot.Errors.Error
Broken Hierarchy,Ocelot.LoadBalancer.LoadBalancers,UnableToFindLoadBalancerError,C:\Users\victo\Downloads\Ocelot-develop\Ocelot-develop\src\Ocelot\LoadBalancer\LoadBalancers\UnableToFindLoadBalancerError.cs,The tool detected a potential instance of the smell because this type does not implement or override any method from it's supertype(s): Ocelot.Errors.Error
Wide Hierarchy,Ocelot.Middleware,OcelotMiddleware,C:\Users\victo\Downloads\Ocelot-develop\Ocelot-develop\src\Ocelot\Middleware\OcelotMiddleware.cs,The tool detected the smell in this class because the number of children for the class is large. This class has following sub-classes: Ocelot.Authentication.Middleware.AuthenticationMiddleware' Ocelot.Authorization.Middleware.AuthorizationMiddleware' Ocelot.Cache.Middleware.OutputCacheMiddleware' Ocelot.Claims.Middleware.ClaimsToClaimsMiddleware' Ocelot.DownstreamPathManipulation.Middleware.ClaimsToDownstreamPathMiddleware' Ocelot.DownstreamRouteFinder.Middleware.DownstreamRouteFinderMiddleware' Ocelot.DownstreamUrlCreator.Middleware.DownstreamUrlCreatorMiddleware' Ocelot.Errors.Middleware.ExceptionHandlerMiddleware' Ocelot.Headers.Middleware.ClaimsToHeadersMiddleware' Ocelot.Headers.Middleware.HttpHeadersTransformationMiddleware' Ocelot.LoadBalancer.Middleware.LoadBalancingMiddleware' Ocelot.Middleware.ConfigurationMiddleware' Ocelot.Multiplexer.MultiplexingMiddleware' Ocelot.QueryStrings.Middleware.ClaimsToQueryStringMiddleware' Ocelot.RateLimit.Middleware.ClientRateLimitMiddleware' Ocelot.Requester.Middleware.HttpRequesterMiddleware' Ocelot.RequestId.Middleware.RequestIdMiddleware' Ocelot.Request.Middleware.DownstreamRequestInitialiserMiddleware' Ocelot.Responder.Middleware.ResponderMiddleware' Ocelot.Security.Middleware.SecurityMiddleware' Ocelot.WebSockets.Middleware.WebSocketsProxyMiddleware' Ocelot.UnitTests.Middleware.MultiParametersInvokeMiddleware
Broken Hierarchy,Ocelot.Middleware,UnauthenticatedError,C:\Users\victo\Downloads\Ocelot-develop\Ocelot-develop\src\Ocelot\Middleware\UnauthenticatedError.cs,The tool detected a potential instance of the smell because this type does not implement or override any method from it's supertype(s): Ocelot.Errors.Error
Broken Hierarchy,Ocelot.Multiplexer,CouldNotFindAggregatorError,C:\Users\victo\Downloads\Ocelot-develop\Ocelot-develop\src\Ocelot\Multiplexer\CouldNotFindAggregatorError.cs,The tool detected a potential instance of the smell because this type does not implement or override any method from it's supertype(s): Ocelot.Errors.Error
Broken Hierarchy,Ocelot.RateLimit,QuotaExceededError,C:\Users\victo\Downloads\Ocelot-develop\Ocelot-develop\src\Ocelot\RateLimit\QuotaExceededError.cs,The tool detected a potential instance of the smell because this type does not implement or override any method from it's supertype(s): Ocelot.Errors.Error
Broken Hierarchy,Ocelot.Requester,ConnectionToDownstreamServiceError,C:\Users\victo\Downloads\Ocelot-develop\Ocelot-develop\src\Ocelot\Requester\ConnectionToDownstreamServiceError.cs,The tool detected a potential instance of the smell because this type does not implement or override any method from it's supertype(s): Ocelot.Errors.Error
Broken Hierarchy,Ocelot.Requester,RequestCanceledError,C:\Users\victo\Downloads\Ocelot-develop\Ocelot-develop\src\Ocelot\Requester\RequestCanceledError.cs,The tool detected a potential instance of the smell because this type does not implement or override any method from it's supertype(s): Ocelot.Errors.Error
Broken Hierarchy,Ocelot.Requester,UnableToCompleteRequestError,C:\Users\victo\Downloads\Ocelot-develop\Ocelot-develop\src\Ocelot\Requester\UnableToCompleteRequestError.cs,The tool detected a potential instance of the smell because this type does not implement or override any method from it's supertype(s): Ocelot.Errors.Error
Broken Hierarchy,Ocelot.Requester.QoS,UnableToFindQoSProviderError,C:\Users\victo\Downloads\Ocelot-develop\Ocelot-develop\src\Ocelot\Requester\QoS\UnableToFindQoSProviderError.cs,The tool detected a potential instance of the smell because this type does not implement or override any method from it's supertype(s): Ocelot.Errors.Error
Broken Hierarchy,Ocelot.Request.Mapper,UnmappableRequestError,C:\Users\victo\Downloads\Ocelot-develop\Ocelot-develop\src\Ocelot\Request\Mapper\UnmappableRequestError.cs,The tool detected a potential instance of the smell because this type does not implement or override any method from it's supertype(s): Ocelot.Errors.Error
Broken Hierarchy,Ocelot.ServiceDiscovery,UnableToFindServiceDiscoveryProviderError,C:\Users\victo\Downloads\Ocelot-develop\Ocelot-develop\src\Ocelot\ServiceDiscovery\UnableToFindServiceDiscoveryProviderError.cs,The tool detected a potential instance of the smell because this type does not implement or override any method from it's supertype(s): Ocelot.Errors.Error
Wide Hierarchy,Ocelot.ServiceDiscovery.Providers,IServiceDiscoveryProvider,C:\Users\victo\Downloads\Ocelot-develop\Ocelot-develop\src\Ocelot\ServiceDiscovery\Providers\IServiceDiscoveryProvider.cs,The tool detected the smell in this class because the number of children for the class is large. This class has following sub-classes: Ocelot.ServiceDiscovery.Providers.ConfigurationServiceProvider' Ocelot.ServiceDiscovery.Providers.ServiceFabricServiceDiscoveryProvider' Ocelot.UnitTests.Configuration.Validation.FakeServiceDiscoveryProvider' Ocelot.UnitTests.ServiceDiscovery.Fake' Ocelot.Provider.Kubernetes.KubernetesServiceDiscoveryProvider' Ocelot.Provider.Kubernetes.PollKubernetes' Ocelot.Provider.Consul.Consul' Ocelot.Provider.Consul.PollConsul' Ocelot.Provider.Eureka.Eureka' Ocelot.Provider.Consul.Consul' Ocelot.Provider.Consul.PollConsul' Ocelot.Provider.Eureka.Eureka' Ocelot.Provider.Kubernetes.KubernetesServiceDiscoveryProvider' Ocelot.Provider.Kubernetes.PollKubernetes
