Design smell,Namespace,Class,File,Cause
Unutilized Abstraction,IdentityServer.Areas.Identity,IdentityHostingStartup,C:\Users\victo\Downloads\PROYECTOS_ACTUALIZADOS\ModernArchitectureShop-master\ModernArchitectureShop-master\src\Identity\Areas\Identity\IdentityHostingStartup.cs,The tool detected the smell in this class because this class is potentially unused.   (Please ignore the smell if the reported class is auto-generated and/or used to serve a specific known purpose.)
Unutilized Abstraction,IdentityServer.Areas.Identity.Pages.Account,AccessDeniedModel,C:\Users\victo\Downloads\PROYECTOS_ACTUALIZADOS\ModernArchitectureShop-master\ModernArchitectureShop-master\src\Identity\Areas\Identity\Pages\Account\AccessDenied.cshtml.cs,The tool detected the smell in this class because this class is potentially unused.   (Please ignore the smell if the reported class is auto-generated and/or used to serve a specific known purpose.)
Unutilized Abstraction,IdentityServer.Areas.Identity.Pages.Account,ConfirmEmailModel,C:\Users\victo\Downloads\PROYECTOS_ACTUALIZADOS\ModernArchitectureShop-master\ModernArchitectureShop-master\src\Identity\Areas\Identity\Pages\Account\ConfirmEmail.cshtml.cs,The tool detected the smell in this class because this class is potentially unused.   (Please ignore the smell if the reported class is auto-generated and/or used to serve a specific known purpose.)
Unutilized Abstraction,IdentityServer.Areas.Identity.Pages.Account,ConfirmEmailChangeModel,C:\Users\victo\Downloads\PROYECTOS_ACTUALIZADOS\ModernArchitectureShop-master\ModernArchitectureShop-master\src\Identity\Areas\Identity\Pages\Account\ConfirmEmailChange.cshtml.cs,The tool detected the smell in this class because this class is potentially unused.   (Please ignore the smell if the reported class is auto-generated and/or used to serve a specific known purpose.)
Unutilized Abstraction,IdentityServer.Areas.Identity.Pages.Account,ExternalLoginModel,C:\Users\victo\Downloads\PROYECTOS_ACTUALIZADOS\ModernArchitectureShop-master\ModernArchitectureShop-master\src\Identity\Areas\Identity\Pages\Account\ExternalLogin.cshtml.cs,The tool detected the smell in this class because this class is potentially unused.   (Please ignore the smell if the reported class is auto-generated and/or used to serve a specific known purpose.)
Duplicate Abstraction,IdentityServer.Areas.Identity.Pages.Account,InputModel,C:\Users\victo\Downloads\PROYECTOS_ACTUALIZADOS\ModernArchitectureShop-master\ModernArchitectureShop-master\src\Identity\Areas\Identity\Pages\Account\ExternalLogin.cshtml.cs,The tool detected the smell in this class because two or more abstractions have identical names. The abstractions with identical names are: IdentityServer.Areas.Identity.Pages.Account.InputModel' IdentityServer.Areas.Identity.Pages.Account.Manage.InputModel
Unutilized Abstraction,IdentityServer.Areas.Identity.Pages.Account,ForgotPasswordModel,C:\Users\victo\Downloads\PROYECTOS_ACTUALIZADOS\ModernArchitectureShop-master\ModernArchitectureShop-master\src\Identity\Areas\Identity\Pages\Account\ForgotPassword.cshtml.cs,The tool detected the smell in this class because this class is potentially unused.   (Please ignore the smell if the reported class is auto-generated and/or used to serve a specific known purpose.)
Unutilized Abstraction,IdentityServer.Areas.Identity.Pages.Account,ForgotPasswordConfirmation,C:\Users\victo\Downloads\PROYECTOS_ACTUALIZADOS\ModernArchitectureShop-master\ModernArchitectureShop-master\src\Identity\Areas\Identity\Pages\Account\ForgotPasswordConfirmation.cshtml.cs,The tool detected the smell in this class because this class is potentially unused.   (Please ignore the smell if the reported class is auto-generated and/or used to serve a specific known purpose.)
Unutilized Abstraction,IdentityServer.Areas.Identity.Pages.Account,LockoutModel,C:\Users\victo\Downloads\PROYECTOS_ACTUALIZADOS\ModernArchitectureShop-master\ModernArchitectureShop-master\src\Identity\Areas\Identity\Pages\Account\Lockout.cshtml.cs,The tool detected the smell in this class because this class is potentially unused.   (Please ignore the smell if the reported class is auto-generated and/or used to serve a specific known purpose.)
Unutilized Abstraction,IdentityServer.Areas.Identity.Pages.Account,LoginModel,C:\Users\victo\Downloads\PROYECTOS_ACTUALIZADOS\ModernArchitectureShop-master\ModernArchitectureShop-master\src\Identity\Areas\Identity\Pages\Account\Login.cshtml.cs,The tool detected the smell in this class because this class is potentially unused.   (Please ignore the smell if the reported class is auto-generated and/or used to serve a specific known purpose.)
Unutilized Abstraction,IdentityServer.Areas.Identity.Pages.Account,LoginWith2faModel,C:\Users\victo\Downloads\PROYECTOS_ACTUALIZADOS\ModernArchitectureShop-master\ModernArchitectureShop-master\src\Identity\Areas\Identity\Pages\Account\LoginWith2fa.cshtml.cs,The tool detected the smell in this class because this class is potentially unused.   (Please ignore the smell if the reported class is auto-generated and/or used to serve a specific known purpose.)
Unutilized Abstraction,IdentityServer.Areas.Identity.Pages.Account,LoginWithRecoveryCodeModel,C:\Users\victo\Downloads\PROYECTOS_ACTUALIZADOS\ModernArchitectureShop-master\ModernArchitectureShop-master\src\Identity\Areas\Identity\Pages\Account\LoginWithRecoveryCode.cshtml.cs,The tool detected the smell in this class because this class is potentially unused.   (Please ignore the smell if the reported class is auto-generated and/or used to serve a specific known purpose.)
Unutilized Abstraction,IdentityServer.Areas.Identity.Pages.Account,LogoutModel,C:\Users\victo\Downloads\PROYECTOS_ACTUALIZADOS\ModernArchitectureShop-master\ModernArchitectureShop-master\src\Identity\Areas\Identity\Pages\Account\Logout.cshtml.cs,The tool detected the smell in this class because this class is potentially unused.   (Please ignore the smell if the reported class is auto-generated and/or used to serve a specific known purpose.)
Unutilized Abstraction,IdentityServer.Areas.Identity.Pages.Account,RegisterModel,C:\Users\victo\Downloads\PROYECTOS_ACTUALIZADOS\ModernArchitectureShop-master\ModernArchitectureShop-master\src\Identity\Areas\Identity\Pages\Account\Register.cshtml.cs,The tool detected the smell in this class because this class is potentially unused.   (Please ignore the smell if the reported class is auto-generated and/or used to serve a specific known purpose.)
Unutilized Abstraction,IdentityServer.Areas.Identity.Pages.Account,RegisterConfirmationModel,C:\Users\victo\Downloads\PROYECTOS_ACTUALIZADOS\ModernArchitectureShop-master\ModernArchitectureShop-master\src\Identity\Areas\Identity\Pages\Account\RegisterConfirmation.cshtml.cs,The tool detected the smell in this class because this class is potentially unused.   (Please ignore the smell if the reported class is auto-generated and/or used to serve a specific known purpose.)
Unutilized Abstraction,IdentityServer.Areas.Identity.Pages.Account,ResetPasswordModel,C:\Users\victo\Downloads\PROYECTOS_ACTUALIZADOS\ModernArchitectureShop-master\ModernArchitectureShop-master\src\Identity\Areas\Identity\Pages\Account\ResetPassword.cshtml.cs,The tool detected the smell in this class because this class is potentially unused.   (Please ignore the smell if the reported class is auto-generated and/or used to serve a specific known purpose.)
Unutilized Abstraction,IdentityServer.Areas.Identity.Pages.Account,ResetPasswordConfirmationModel,C:\Users\victo\Downloads\PROYECTOS_ACTUALIZADOS\ModernArchitectureShop-master\ModernArchitectureShop-master\src\Identity\Areas\Identity\Pages\Account\ResetPasswordConfirmation.cshtml.cs,The tool detected the smell in this class because this class is potentially unused.   (Please ignore the smell if the reported class is auto-generated and/or used to serve a specific known purpose.)
Unutilized Abstraction,IdentityServer.Areas.Identity.Pages.Account.Manage,ChangePasswordModel,C:\Users\victo\Downloads\PROYECTOS_ACTUALIZADOS\ModernArchitectureShop-master\ModernArchitectureShop-master\src\Identity\Areas\Identity\Pages\Account\Manage\ChangePassword.cshtml.cs,The tool detected the smell in this class because this class is potentially unused.   (Please ignore the smell if the reported class is auto-generated and/or used to serve a specific known purpose.)
Duplicate Abstraction,IdentityServer.Areas.Identity.Pages.Account.Manage,ChangePasswordModel,C:\Users\victo\Downloads\PROYECTOS_ACTUALIZADOS\ModernArchitectureShop-master\ModernArchitectureShop-master\src\Identity\Areas\Identity\Pages\Account\Manage\ChangePassword.cshtml.cs,The tool detected the smell in this class because a set of code clones has been found and at least one of the clones found in this class. List of code clones with start and end line numbers are:  ChangePasswordModel (C:\Users\victo\Downloads\PROYECTOS_ACTUALIZADOS\ModernArchitectureShop-master\ModernArchitectureShop-master\src\Identity\Areas\Identity\Pages\Account\Manage\ChangePassword.cshtml.cs' [41' 61])' SetPasswordModel (C:\Users\victo\Downloads\PROYECTOS_ACTUALIZADOS\ModernArchitectureShop-master\ModernArchitectureShop-master\src\Identity\Areas\Identity\Pages\Account\Manage\SetPassword.cshtml.cs' [33' 53])
Unutilized Abstraction,IdentityServer.Areas.Identity.Pages.Account.Manage,DeletePersonalDataModel,C:\Users\victo\Downloads\PROYECTOS_ACTUALIZADOS\ModernArchitectureShop-master\ModernArchitectureShop-master\src\Identity\Areas\Identity\Pages\Account\Manage\DeletePersonalData.cshtml.cs,The tool detected the smell in this class because this class is potentially unused.   (Please ignore the smell if the reported class is auto-generated and/or used to serve a specific known purpose.)
Unutilized Abstraction,IdentityServer.Areas.Identity.Pages.Account.Manage,Disable2faModel,C:\Users\victo\Downloads\PROYECTOS_ACTUALIZADOS\ModernArchitectureShop-master\ModernArchitectureShop-master\src\Identity\Areas\Identity\Pages\Account\Manage\Disable2fa.cshtml.cs,The tool detected the smell in this class because this class is potentially unused.   (Please ignore the smell if the reported class is auto-generated and/or used to serve a specific known purpose.)
Unutilized Abstraction,IdentityServer.Areas.Identity.Pages.Account.Manage,DownloadPersonalDataModel,C:\Users\victo\Downloads\PROYECTOS_ACTUALIZADOS\ModernArchitectureShop-master\ModernArchitectureShop-master\src\Identity\Areas\Identity\Pages\Account\Manage\DownloadPersonalData.cshtml.cs,The tool detected the smell in this class because this class is potentially unused.   (Please ignore the smell if the reported class is auto-generated and/or used to serve a specific known purpose.)
Unutilized Abstraction,IdentityServer.Areas.Identity.Pages.Account.Manage,EmailModel,C:\Users\victo\Downloads\PROYECTOS_ACTUALIZADOS\ModernArchitectureShop-master\ModernArchitectureShop-master\src\Identity\Areas\Identity\Pages\Account\Manage\Email.cshtml.cs,The tool detected the smell in this class because this class is potentially unused.   (Please ignore the smell if the reported class is auto-generated and/or used to serve a specific known purpose.)
Unutilized Abstraction,IdentityServer.Areas.Identity.Pages.Account.Manage,EnableAuthenticatorModel,C:\Users\victo\Downloads\PROYECTOS_ACTUALIZADOS\ModernArchitectureShop-master\ModernArchitectureShop-master\src\Identity\Areas\Identity\Pages\Account\Manage\EnableAuthenticator.cshtml.cs,The tool detected the smell in this class because this class is potentially unused.   (Please ignore the smell if the reported class is auto-generated and/or used to serve a specific known purpose.)
Unutilized Abstraction,IdentityServer.Areas.Identity.Pages.Account.Manage,ExternalLoginsModel,C:\Users\victo\Downloads\PROYECTOS_ACTUALIZADOS\ModernArchitectureShop-master\ModernArchitectureShop-master\src\Identity\Areas\Identity\Pages\Account\Manage\ExternalLogins.cshtml.cs,The tool detected the smell in this class because this class is potentially unused.   (Please ignore the smell if the reported class is auto-generated and/or used to serve a specific known purpose.)
Unutilized Abstraction,IdentityServer.Areas.Identity.Pages.Account.Manage,GenerateRecoveryCodesModel,C:\Users\victo\Downloads\PROYECTOS_ACTUALIZADOS\ModernArchitectureShop-master\ModernArchitectureShop-master\src\Identity\Areas\Identity\Pages\Account\Manage\GenerateRecoveryCodes.cshtml.cs,The tool detected the smell in this class because this class is potentially unused.   (Please ignore the smell if the reported class is auto-generated and/or used to serve a specific known purpose.)
Unutilized Abstraction,IdentityServer.Areas.Identity.Pages.Account.Manage,IndexModel,C:\Users\victo\Downloads\PROYECTOS_ACTUALIZADOS\ModernArchitectureShop-master\ModernArchitectureShop-master\src\Identity\Areas\Identity\Pages\Account\Manage\Index.cshtml.cs,The tool detected the smell in this class because this class is potentially unused.   (Please ignore the smell if the reported class is auto-generated and/or used to serve a specific known purpose.)
Unutilized Abstraction,IdentityServer.Areas.Identity.Pages.Account.Manage,ManageNavPages,C:\Users\victo\Downloads\PROYECTOS_ACTUALIZADOS\ModernArchitectureShop-master\ModernArchitectureShop-master\src\Identity\Areas\Identity\Pages\Account\Manage\ManageNavPages.cs,The tool detected the smell in this class because this class is potentially unused.   (Please ignore the smell if the reported class is auto-generated and/or used to serve a specific known purpose.)
Unutilized Abstraction,IdentityServer.Areas.Identity.Pages.Account.Manage,PersonalDataModel,C:\Users\victo\Downloads\PROYECTOS_ACTUALIZADOS\ModernArchitectureShop-master\ModernArchitectureShop-master\src\Identity\Areas\Identity\Pages\Account\Manage\PersonalData.cshtml.cs,The tool detected the smell in this class because this class is potentially unused.   (Please ignore the smell if the reported class is auto-generated and/or used to serve a specific known purpose.)
Unutilized Abstraction,IdentityServer.Areas.Identity.Pages.Account.Manage,ResetAuthenticatorModel,C:\Users\victo\Downloads\PROYECTOS_ACTUALIZADOS\ModernArchitectureShop-master\ModernArchitectureShop-master\src\Identity\Areas\Identity\Pages\Account\Manage\ResetAuthenticator.cshtml.cs,The tool detected the smell in this class because this class is potentially unused.   (Please ignore the smell if the reported class is auto-generated and/or used to serve a specific known purpose.)
Unutilized Abstraction,IdentityServer.Areas.Identity.Pages.Account.Manage,SetPasswordModel,C:\Users\victo\Downloads\PROYECTOS_ACTUALIZADOS\ModernArchitectureShop-master\ModernArchitectureShop-master\src\Identity\Areas\Identity\Pages\Account\Manage\SetPassword.cshtml.cs,The tool detected the smell in this class because this class is potentially unused.   (Please ignore the smell if the reported class is auto-generated and/or used to serve a specific known purpose.)
Unutilized Abstraction,IdentityServer.Areas.Identity.Pages.Account.Manage,ShowRecoveryCodesModel,C:\Users\victo\Downloads\PROYECTOS_ACTUALIZADOS\ModernArchitectureShop-master\ModernArchitectureShop-master\src\Identity\Areas\Identity\Pages\Account\Manage\ShowRecoveryCodes.cshtml.cs,The tool detected the smell in this class because this class is potentially unused.   (Please ignore the smell if the reported class is auto-generated and/or used to serve a specific known purpose.)
Unutilized Abstraction,IdentityServer.Areas.Identity.Pages.Account.Manage,TwoFactorAuthenticationModel,C:\Users\victo\Downloads\PROYECTOS_ACTUALIZADOS\ModernArchitectureShop-master\ModernArchitectureShop-master\src\Identity\Areas\Identity\Pages\Account\Manage\TwoFactorAuthentication.cshtml.cs,The tool detected the smell in this class because this class is potentially unused.   (Please ignore the smell if the reported class is auto-generated and/or used to serve a specific known purpose.)
Unutilized Abstraction,IdentityServer.Areas.Identity.Pages,ErrorModel,C:\Users\victo\Downloads\PROYECTOS_ACTUALIZADOS\ModernArchitectureShop-master\ModernArchitectureShop-master\src\Identity\Areas\Identity\Pages\Error.cshtml.cs,The tool detected the smell in this class because this class is potentially unused.   (Please ignore the smell if the reported class is auto-generated and/or used to serve a specific known purpose.)
Unutilized Abstraction,IdentityServer,AccountController,C:\Users\victo\Downloads\PROYECTOS_ACTUALIZADOS\ModernArchitectureShop-master\ModernArchitectureShop-master\src\Identity\Quickstart\Account\AccountController.cs,The tool detected the smell in this class because this class is potentially unused.   (Please ignore the smell if the reported class is auto-generated and/or used to serve a specific known purpose.)
Unutilized Abstraction,IdentityServer,ExternalController,C:\Users\victo\Downloads\PROYECTOS_ACTUALIZADOS\ModernArchitectureShop-master\ModernArchitectureShop-master\src\Identity\Quickstart\Account\ExternalController.cs,The tool detected the smell in this class because this class is potentially unused.   (Please ignore the smell if the reported class is auto-generated and/or used to serve a specific known purpose.)
Unnecessary Abstraction,IdentityServer,ExternalProvider,C:\Users\victo\Downloads\PROYECTOS_ACTUALIZADOS\ModernArchitectureShop-master\ModernArchitectureShop-master\src\Identity\Quickstart\Account\ExternalProvider.cs,The tool detected the smell in this class because the class contains only a few data members without any method implementation' that indicates that the abstraction might not be required. Following fields and properties are declared in this class: DisplayName' AuthenticationScheme
Unnecessary Abstraction,IdentityServer,LoginInputModel,C:\Users\victo\Downloads\PROYECTOS_ACTUALIZADOS\ModernArchitectureShop-master\ModernArchitectureShop-master\src\Identity\Quickstart\Account\LoginInputModel.cs,The tool detected the smell in this class because the class contains only a few data members without any method implementation' that indicates that the abstraction might not be required. Following fields and properties are declared in this class: Username' Password' RememberLogin' ReturnUrl
Unnecessary Abstraction,IdentityServer,LogoutInputModel,C:\Users\victo\Downloads\PROYECTOS_ACTUALIZADOS\ModernArchitectureShop-master\ModernArchitectureShop-master\src\Identity\Quickstart\Account\LogoutInputModel.cs,The tool detected the smell in this class because the class contains only a few data members without any method implementation' that indicates that the abstraction might not be required. Following fields and properties are declared in this class: LogoutId
Unnecessary Abstraction,IdentityServer,LogoutViewModel,C:\Users\victo\Downloads\PROYECTOS_ACTUALIZADOS\ModernArchitectureShop-master\ModernArchitectureShop-master\src\Identity\Quickstart\Account\LogoutViewModel.cs,The tool detected the smell in this class because the class contains only a few data members without any method implementation' that indicates that the abstraction might not be required. Following fields and properties are declared in this class: ShowLogoutPrompt
Unnecessary Abstraction,IdentityServer,RedirectViewModel,C:\Users\victo\Downloads\PROYECTOS_ACTUALIZADOS\ModernArchitectureShop-master\ModernArchitectureShop-master\src\Identity\Quickstart\Account\RedirectViewModel.cs,The tool detected the smell in this class because the class contains only a few data members without any method implementation' that indicates that the abstraction might not be required. Following fields and properties are declared in this class: RedirectUrl
Unutilized Abstraction,IdentityServer,ConsentController,C:\Users\victo\Downloads\PROYECTOS_ACTUALIZADOS\ModernArchitectureShop-master\ModernArchitectureShop-master\src\Identity\Quickstart\Consent\ConsentController.cs,The tool detected the smell in this class because this class is potentially unused.   (Please ignore the smell if the reported class is auto-generated and/or used to serve a specific known purpose.)
Duplicate Abstraction,IdentityServer,ConsentController,C:\Users\victo\Downloads\PROYECTOS_ACTUALIZADOS\ModernArchitectureShop-master\ModernArchitectureShop-master\src\Identity\Quickstart\Consent\ConsentController.cs,The tool detected the smell in this class because a set of code clones has been found and at least one of the clones found in this class. List of code clones with start and end line numbers are:  ConsentController (C:\Users\victo\Downloads\PROYECTOS_ACTUALIZADOS\ModernArchitectureShop-master\ModernArchitectureShop-master\src\Identity\Quickstart\Consent\ConsentController.cs' [119' 150])' DeviceController (C:\Users\victo\Downloads\PROYECTOS_ACTUALIZADOS\ModernArchitectureShop-master\ModernArchitectureShop-master\src\Identity\Quickstart\Device\DeviceController.cs' [96' 127])
Duplicate Abstraction,IdentityServer,ConsentController,C:\Users\victo\Downloads\PROYECTOS_ACTUALIZADOS\ModernArchitectureShop-master\ModernArchitectureShop-master\src\Identity\Quickstart\Consent\ConsentController.cs,The tool detected the smell in this class because a set of code clones has been found and at least one of the clones found in this class. List of code clones with start and end line numbers are:  ConsentController (C:\Users\victo\Downloads\PROYECTOS_ACTUALIZADOS\ModernArchitectureShop-master\ModernArchitectureShop-master\src\Identity\Quickstart\Consent\ConsentController.cs' [220' 251])' DeviceController (C:\Users\victo\Downloads\PROYECTOS_ACTUALIZADOS\ModernArchitectureShop-master\ModernArchitectureShop-master\src\Identity\Quickstart\Device\DeviceController.cs' [191' 222])
Unnecessary Abstraction,IdentityServer,ConsentInputModel,C:\Users\victo\Downloads\PROYECTOS_ACTUALIZADOS\ModernArchitectureShop-master\ModernArchitectureShop-master\src\Identity\Quickstart\Consent\ConsentInputModel.cs,The tool detected the smell in this class because the class contains only a few data members without any method implementation' that indicates that the abstraction might not be required. Following fields and properties are declared in this class: Button' ScopesConsented' RememberConsent' ReturnUrl
Unnecessary Abstraction,IdentityServer,ConsentOptions,C:\Users\victo\Downloads\PROYECTOS_ACTUALIZADOS\ModernArchitectureShop-master\ModernArchitectureShop-master\src\Identity\Quickstart\Consent\ConsentOptions.cs,The tool detected the smell in this class because the class contains only a few data members without any method implementation' that indicates that the abstraction might not be required. Following fields and properties are declared in this class: ' EnableOfflineAccess' OfflineAccessDisplayName' OfflineAccessDescription' MustChooseOneErrorMessage' InvalidSelectionErrorMessage
Unutilized Abstraction,IdentityServer,DiagnosticsController,C:\Users\victo\Downloads\PROYECTOS_ACTUALIZADOS\ModernArchitectureShop-master\ModernArchitectureShop-master\src\Identity\Quickstart\Diagnostics\DiagnosticsController.cs,The tool detected the smell in this class because this class is potentially unused.   (Please ignore the smell if the reported class is auto-generated and/or used to serve a specific known purpose.)
Unutilized Abstraction,IdentityServer,Extensions,C:\Users\victo\Downloads\PROYECTOS_ACTUALIZADOS\ModernArchitectureShop-master\ModernArchitectureShop-master\src\Identity\Quickstart\Extensions.cs,The tool detected the smell in this class because this class is potentially unused.   (Please ignore the smell if the reported class is auto-generated and/or used to serve a specific known purpose.)
Unutilized Abstraction,IdentityServer,GrantsController,C:\Users\victo\Downloads\PROYECTOS_ACTUALIZADOS\ModernArchitectureShop-master\ModernArchitectureShop-master\src\Identity\Quickstart\Grants\GrantsController.cs,The tool detected the smell in this class because this class is potentially unused.   (Please ignore the smell if the reported class is auto-generated and/or used to serve a specific known purpose.)
Unnecessary Abstraction,IdentityServer,GrantsViewModel,C:\Users\victo\Downloads\PROYECTOS_ACTUALIZADOS\ModernArchitectureShop-master\ModernArchitectureShop-master\src\Identity\Quickstart\Grants\GrantsViewModel.cs,The tool detected the smell in this class because the class contains only a few data members without any method implementation' that indicates that the abstraction might not be required. Following fields and properties are declared in this class: Grants
Unutilized Abstraction,IdentityServer,HomeController,C:\Users\victo\Downloads\PROYECTOS_ACTUALIZADOS\ModernArchitectureShop-master\ModernArchitectureShop-master\src\Identity\Quickstart\Home\HomeController.cs,The tool detected the smell in this class because this class is potentially unused.   (Please ignore the smell if the reported class is auto-generated and/or used to serve a specific known purpose.)
Unnecessary Abstraction,IdentityServer,TestUsers,C:\Users\victo\Downloads\PROYECTOS_ACTUALIZADOS\ModernArchitectureShop-master\ModernArchitectureShop-master\src\Identity\Quickstart\TestUsers.cs,The tool detected the smell in this class because the class contains only a few data members without any method implementation' that indicates that the abstraction might not be required. Following fields and properties are declared in this class: ' Users
Unutilized Abstraction,IdentityServer.Data.Migrations,CreateIdentitySchema,C:\Users\victo\Downloads\PROYECTOS_ACTUALIZADOS\ModernArchitectureShop-master\ModernArchitectureShop-master\src\Identity\Data\Migrations\00000000000000_CreateIdentitySchema.cs,The tool detected the smell in this class because this class is potentially unused.   (Please ignore the smell if the reported class is auto-generated and/or used to serve a specific known purpose.)
Unutilized Abstraction,IdentityServer.Data.Migrations,ApplicationDbContextModelSnapshot,C:\Users\victo\Downloads\PROYECTOS_ACTUALIZADOS\ModernArchitectureShop-master\ModernArchitectureShop-master\src\Identity\Data\Migrations\ApplicationDbContextModelSnapshot.cs,The tool detected the smell in this class because this class is potentially unused.   (Please ignore the smell if the reported class is auto-generated and/or used to serve a specific known purpose.)
Unnecessary Abstraction,IdentityServer.Device,DeviceAuthorizationInputModel,C:\Users\victo\Downloads\PROYECTOS_ACTUALIZADOS\ModernArchitectureShop-master\ModernArchitectureShop-master\src\Identity\Quickstart\Device\DeviceAuthorizationInputModel.cs,The tool detected the smell in this class because the class contains only a few data members without any method implementation' that indicates that the abstraction might not be required. Following fields and properties are declared in this class: UserCode
Unnecessary Abstraction,IdentityServer.Device,DeviceAuthorizationViewModel,C:\Users\victo\Downloads\PROYECTOS_ACTUALIZADOS\ModernArchitectureShop-master\ModernArchitectureShop-master\src\Identity\Quickstart\Device\DeviceAuthorizationViewModel.cs,The tool detected the smell in this class because the class contains only a few data members without any method implementation' that indicates that the abstraction might not be required. Following fields and properties are declared in this class: UserCode' ConfirmUserCode
Unutilized Abstraction,IdentityServer.Device,DeviceController,C:\Users\victo\Downloads\PROYECTOS_ACTUALIZADOS\ModernArchitectureShop-master\ModernArchitectureShop-master\src\Identity\Quickstart\Device\DeviceController.cs,The tool detected the smell in this class because this class is potentially unused.   (Please ignore the smell if the reported class is auto-generated and/or used to serve a specific known purpose.)
Deficient Encapsulation,IdentityServer,AccountOptions,C:\Users\victo\Downloads\PROYECTOS_ACTUALIZADOS\ModernArchitectureShop-master\ModernArchitectureShop-master\src\Identity\Quickstart\Account\AccountOptions.cs,The tool detected the smell in this class because the class exposes fields belonging to it with public accessibility. Following fields are declared with public accessiblity: AllowLocalLogin' AllowRememberLogin' RememberMeLoginDuration' ShowLogoutPrompt' AutomaticRedirectAfterSignOut' IncludeWindowsGroups' InvalidCredentialsErrorMessage
Deficient Encapsulation,IdentityServer,AccountOptions,C:\Users\victo\Downloads\PROYECTOS_ACTUALIZADOS\ModernArchitectureShop-master\ModernArchitectureShop-master\src\Identity\Quickstart\Account\AccountOptions.cs,The tool detected the smell in this class because the class declares global (public static) fields. Following fields are declared with public static modifiers: AllowLocalLogin' AllowRememberLogin' RememberMeLoginDuration' ShowLogoutPrompt' AutomaticRedirectAfterSignOut' IncludeWindowsGroups' InvalidCredentialsErrorMessage
Deficient Encapsulation,IdentityServer,ConsentOptions,C:\Users\victo\Downloads\PROYECTOS_ACTUALIZADOS\ModernArchitectureShop-master\ModernArchitectureShop-master\src\Identity\Quickstart\Consent\ConsentOptions.cs,The tool detected the smell in this class because the class exposes fields belonging to it with public accessibility. Following fields are declared with public accessiblity: EnableOfflineAccess' OfflineAccessDisplayName' OfflineAccessDescription
Deficient Encapsulation,IdentityServer,ConsentOptions,C:\Users\victo\Downloads\PROYECTOS_ACTUALIZADOS\ModernArchitectureShop-master\ModernArchitectureShop-master\src\Identity\Quickstart\Consent\ConsentOptions.cs,The tool detected the smell in this class because the class declares global (public static) fields. Following fields are declared with public static modifiers: EnableOfflineAccess' OfflineAccessDisplayName' OfflineAccessDescription
Deficient Encapsulation,IdentityServer,TestUsers,C:\Users\victo\Downloads\PROYECTOS_ACTUALIZADOS\ModernArchitectureShop-master\ModernArchitectureShop-master\src\Identity\Quickstart\TestUsers.cs,The tool detected the smell in this class because the class exposes fields belonging to it with public accessibility. Following fields are declared with public accessiblity: Users
Deficient Encapsulation,IdentityServer,TestUsers,C:\Users\victo\Downloads\PROYECTOS_ACTUALIZADOS\ModernArchitectureShop-master\ModernArchitectureShop-master\src\Identity\Quickstart\TestUsers.cs,The tool detected the smell in this class because the class declares global (public static) fields. Following fields are declared with public static modifiers: Users
Broken Modularization,IdentityServer.Areas.Identity.Pages.Account,InputModel,C:\Users\victo\Downloads\PROYECTOS_ACTUALIZADOS\ModernArchitectureShop-master\ModernArchitectureShop-master\src\Identity\Areas\Identity\Pages\Account\ExternalLogin.cshtml.cs,The tool detected the smell in this class because it contains only data members without any method implementation. Following fields and properties are declared in this class: Email' Email' Email' Password' RememberMe' TwoFactorCode' RememberMachine' RecoveryCode' Email' Password' ConfirmPassword' Email' Password' ConfirmPassword' Code
Broken Modularization,IdentityServer.Areas.Identity.Pages.Account.Manage,InputModel,C:\Users\victo\Downloads\PROYECTOS_ACTUALIZADOS\ModernArchitectureShop-master\ModernArchitectureShop-master\src\Identity\Areas\Identity\Pages\Account\Manage\ChangePassword.cshtml.cs,The tool detected the smell in this class because it contains only data members without any method implementation. Following fields and properties are declared in this class: OldPassword' NewPassword' ConfirmPassword' Password' NewEmail' Code' PhoneNumber' NewPassword' ConfirmPassword
Broken Modularization,IdentityServer,Config,C:\Users\victo\Downloads\PROYECTOS_ACTUALIZADOS\ModernArchitectureShop-master\ModernArchitectureShop-master\src\Identity\Config.cs,The tool detected the smell in this class because it contains only data members without any method implementation. Following fields and properties are declared in this class: Ids' Apis' Clients' _storeApi' _basketApi' _orderApi
Broken Modularization,IdentityServer,AccountOptions,C:\Users\victo\Downloads\PROYECTOS_ACTUALIZADOS\ModernArchitectureShop-master\ModernArchitectureShop-master\src\Identity\Quickstart\Account\AccountOptions.cs,The tool detected the smell in this class because it contains only data members without any method implementation. Following fields and properties are declared in this class: ' AllowLocalLogin' AllowRememberLogin' RememberMeLoginDuration' ShowLogoutPrompt' AutomaticRedirectAfterSignOut' WindowsAuthenticationSchemeName' IncludeWindowsGroups' InvalidCredentialsErrorMessage
Broken Modularization,IdentityServer,LoggedOutViewModel,C:\Users\victo\Downloads\PROYECTOS_ACTUALIZADOS\ModernArchitectureShop-master\ModernArchitectureShop-master\src\Identity\Quickstart\Account\LoggedOutViewModel.cs,The tool detected the smell in this class because it contains only data members without any method implementation. Following fields and properties are declared in this class: PostLogoutRedirectUri' ClientName' SignOutIframeUrl' AutomaticRedirectAfterSignOut' LogoutId' TriggerExternalSignout' ExternalAuthenticationScheme
Broken Modularization,IdentityServer,LoginViewModel,C:\Users\victo\Downloads\PROYECTOS_ACTUALIZADOS\ModernArchitectureShop-master\ModernArchitectureShop-master\src\Identity\Quickstart\Account\LoginViewModel.cs,The tool detected the smell in this class because it contains only data members without any method implementation. Following fields and properties are declared in this class: AllowRememberLogin' EnableLocalLogin' ExternalProviders' VisibleExternalProviders' IsExternalLoginOnly' ExternalLoginScheme
Broken Modularization,IdentityServer,ConsentOptions,C:\Users\victo\Downloads\PROYECTOS_ACTUALIZADOS\ModernArchitectureShop-master\ModernArchitectureShop-master\src\Identity\Quickstart\Consent\ConsentOptions.cs,The tool detected the smell in this class because it contains only data members without any method implementation. Following fields and properties are declared in this class: ' EnableOfflineAccess' OfflineAccessDisplayName' OfflineAccessDescription' MustChooseOneErrorMessage' InvalidSelectionErrorMessage
Broken Modularization,IdentityServer,ConsentViewModel,C:\Users\victo\Downloads\PROYECTOS_ACTUALIZADOS\ModernArchitectureShop-master\ModernArchitectureShop-master\src\Identity\Quickstart\Consent\ConsentViewModel.cs,The tool detected the smell in this class because it contains only data members without any method implementation. Following fields and properties are declared in this class: ClientName' ClientUrl' ClientLogoUrl' AllowRememberConsent' IdentityScopes' ResourceScopes
Broken Modularization,IdentityServer,ProcessConsentResult,C:\Users\victo\Downloads\PROYECTOS_ACTUALIZADOS\ModernArchitectureShop-master\ModernArchitectureShop-master\src\Identity\Quickstart\Consent\ProcessConsentResult.cs,The tool detected the smell in this class because it contains only data members without any method implementation. Following fields and properties are declared in this class: IsRedirect' RedirectUri' ClientId' ShowView' ViewModel' HasValidationError' ValidationError
Broken Modularization,IdentityServer,ScopeViewModel,C:\Users\victo\Downloads\PROYECTOS_ACTUALIZADOS\ModernArchitectureShop-master\ModernArchitectureShop-master\src\Identity\Quickstart\Consent\ScopeViewModel.cs,The tool detected the smell in this class because it contains only data members without any method implementation. Following fields and properties are declared in this class: Name' DisplayName' Description' Emphasize' Required' Checked
Broken Modularization,IdentityServer,GrantViewModel,C:\Users\victo\Downloads\PROYECTOS_ACTUALIZADOS\ModernArchitectureShop-master\ModernArchitectureShop-master\src\Identity\Quickstart\Grants\GrantsViewModel.cs,The tool detected the smell in this class because it contains only data members without any method implementation. Following fields and properties are declared in this class: ClientId' ClientName' ClientUrl' ClientLogoUrl' Created' Expires' IdentityGrantNames' ApiGrantNames
