Design smell,Namespace,Class,File,Cause
Unnecessary Abstraction,ModernArchitectureShop.Store.Domain,Store,C:\Users\victo\Downloads\PROYECTOS_ACTUALIZADOS\ModernArchitectureShop-master\ModernArchitectureShop-master\src\Store\ModernArchitectureShop.Store.Domain\Store.cs,The tool detected the smell in this class because the class contains only a few data members without any method implementation' that indicates that the abstraction might not be required. Following fields and properties are declared in this class: StoreId' Name' Addresses' Products
Broken Modularization,ModernArchitectureShop.Store.Domain,Address,C:\Users\victo\Downloads\PROYECTOS_ACTUALIZADOS\ModernArchitectureShop-master\ModernArchitectureShop-master\src\Store\ModernArchitectureShop.Store.Domain\Address.cs,The tool detected the smell in this class because it contains only data members without any method implementation. Following fields and properties are declared in this class: AddressId' StreetAddress' City' State' ZipCode' IsMainAddress' StoreId' Store
Broken Modularization,ModernArchitectureShop.Store.Domain,Product,C:\Users\victo\Downloads\PROYECTOS_ACTUALIZADOS\ModernArchitectureShop-master\ModernArchitectureShop-master\src\Store\ModernArchitectureShop.Store.Domain\Product.cs,The tool detected the smell in this class because it contains only data members without any method implementation. Following fields and properties are declared in this class: ProductId' Code' Name' Description' Price' ImageUrl' Quantity' CanPurchase' StoreId' Store
Cyclically-dependent Modularization,ModernArchitectureShop.Store.Domain,Address,C:\Users\victo\Downloads\PROYECTOS_ACTUALIZADOS\ModernArchitectureShop-master\ModernArchitectureShop-master\src\Store\ModernArchitectureShop.Store.Domain\Address.cs,The tool detected the smell in this class because this class participates in a cyclic dependency. The participating classes in the cycle are: ModernArchitectureShop.Store.Domain.Address' ModernArchitectureShop.Store.Domain.Store
Cyclically-dependent Modularization,ModernArchitectureShop.Store.Domain,Product,C:\Users\victo\Downloads\PROYECTOS_ACTUALIZADOS\ModernArchitectureShop-master\ModernArchitectureShop-master\src\Store\ModernArchitectureShop.Store.Domain\Product.cs,The tool detected the smell in this class because this class participates in a cyclic dependency. The participating classes in the cycle are: ModernArchitectureShop.Store.Domain.Product' ModernArchitectureShop.Store.Domain.Store
Cyclically-dependent Modularization,ModernArchitectureShop.Store.Domain,Address,C:\Users\victo\Downloads\PROYECTOS_ACTUALIZADOS\ModernArchitectureShop-master\ModernArchitectureShop-master\src\Store\ModernArchitectureShop.Store.Domain\Address.cs,The tool detected the smell in this class because this class participates in a cyclic dependency. The participating classes in the cycle are: ModernArchitectureShop.Store.Domain.Address' ModernArchitectureShop.Store.Domain.Product' ModernArchitectureShop.Store.Domain.Store
