Design smell,Namespace,Class,File,Cause
Unnecessary Abstraction,ModernArchitectureShop.Store.Infrastructure.Dapr.Gateways.UseCases.GetProducts,GetProductsByIdsRequest,C:\Users\victo\Downloads\PROYECTOS_ACTUALIZADOS\ModernArchitectureShop-master\ModernArchitectureShop-master\src\Store\ModernArchitectureShop.Store.Infrastructure\Dapr\Gateways\UseCases\GetProducts\GetProductsByIdsRequest.cs,The tool detected the smell in this class because the class contains only a few data members without any method implementation' that indicates that the abstraction might not be required. Following fields and properties are declared in this class: ProductIds
Unutilized Abstraction,ModernArchitectureShop.Store.Infrastructure.Dapr.Gateways.UseCases.GetProducts,GetProductsByIdsRequest,C:\Users\victo\Downloads\PROYECTOS_ACTUALIZADOS\ModernArchitectureShop-master\ModernArchitectureShop-master\src\Store\ModernArchitectureShop.Store.Infrastructure\Dapr\Gateways\UseCases\GetProducts\GetProductsByIdsRequest.cs,The tool detected the smell in this class because this class is potentially unused.   (Please ignore the smell if the reported class is auto-generated and/or used to serve a specific known purpose.)
Unnecessary Abstraction,ModernArchitectureShop.Store.Infrastructure.Dapr.Gateways.UseCases.GetProducts,GetProductsByIdsResponse,C:\Users\victo\Downloads\PROYECTOS_ACTUALIZADOS\ModernArchitectureShop-master\ModernArchitectureShop-master\src\Store\ModernArchitectureShop.Store.Infrastructure\Dapr\Gateways\UseCases\GetProducts\GetProductsByIdsResponse.cs,The tool detected the smell in this class because the class contains only a few data members without any method implementation' that indicates that the abstraction might not be required. Following fields and properties are declared in this class: Products
Unutilized Abstraction,ModernArchitectureShop.Store.Infrastructure.Dapr.Gateways.UseCases.GetProducts,GetProductsByIdsResponse,C:\Users\victo\Downloads\PROYECTOS_ACTUALIZADOS\ModernArchitectureShop-master\ModernArchitectureShop-master\src\Store\ModernArchitectureShop.Store.Infrastructure\Dapr\Gateways\UseCases\GetProducts\GetProductsByIdsResponse.cs,The tool detected the smell in this class because this class is potentially unused.   (Please ignore the smell if the reported class is auto-generated and/or used to serve a specific known purpose.)
Duplicate Abstraction,ModernArchitectureShop.Store.Infrastructure.Dapr.Gateways.UseCases.GetProducts,GetProductsByIdsResponse,C:\Users\victo\Downloads\PROYECTOS_ACTUALIZADOS\ModernArchitectureShop-master\ModernArchitectureShop-master\src\Store\ModernArchitectureShop.Store.Infrastructure\Dapr\Gateways\UseCases\GetProducts\GetProductsByIdsResponse.cs,The tool detected the smell in this class because two or more abstractions have identical names. The abstractions with identical names are: ModernArchitectureShop.Store.Infrastructure.Dapr.Gateways.UseCases.GetProducts.GetProductsByIdsResponse' ModernArchitectureShop.Store.Infrastructure.UseCases.GetProductsByIds.GetProductsByIdsResponse
Duplicate Abstraction,ModernArchitectureShop.Store.Infrastructure.Dapr.Gateways.UseCases.GetProducts,GetProductsByIdsResponse,C:\Users\victo\Downloads\PROYECTOS_ACTUALIZADOS\ModernArchitectureShop-master\ModernArchitectureShop-master\src\Store\ModernArchitectureShop.Store.Infrastructure\Dapr\Gateways\UseCases\GetProducts\GetProductsByIdsResponse.cs,The tool detected the smell in this class because a set of code clones has been found and at least one of the clones found in this class. List of code clones with start and end line numbers are:  GetProductsByIdsResponse (C:\Users\victo\Downloads\PROYECTOS_ACTUALIZADOS\ModernArchitectureShop-master\ModernArchitectureShop-master\src\Store\ModernArchitectureShop.Store.Infrastructure\Dapr\Gateways\UseCases\GetProducts\GetProductsByIdsResponse.cs' [7' 28])' GetProductsResponse (C:\Users\victo\Downloads\PROYECTOS_ACTUALIZADOS\ModernArchitectureShop-master\ModernArchitectureShop-master\src\Store\ModernArchitectureShop.Store.Infrastructure\Dapr\Gateways\UseCases\GetProducts\GetProductsResponse.cs' [7' 28])
Duplicate Abstraction,ModernArchitectureShop.Store.Infrastructure.Dapr.Gateways.UseCases.GetProducts,ProductResult,C:\Users\victo\Downloads\PROYECTOS_ACTUALIZADOS\ModernArchitectureShop-master\ModernArchitectureShop-master\src\Store\ModernArchitectureShop.Store.Infrastructure\Dapr\Gateways\UseCases\GetProducts\GetProductsByIdsResponse.cs,The tool detected the smell in this class because two or more abstractions have identical names. The abstractions with identical names are: ModernArchitectureShop.Store.Infrastructure.Dapr.Gateways.UseCases.GetProducts.ProductResult' ModernArchitectureShop.Store.Infrastructure.UseCases.GetProductsByIds.ProductResult
Duplicate Abstraction,ModernArchitectureShop.Store.Infrastructure.Dapr.Gateways.UseCases.GetProducts,ProductStoreResult,C:\Users\victo\Downloads\PROYECTOS_ACTUALIZADOS\ModernArchitectureShop-master\ModernArchitectureShop-master\src\Store\ModernArchitectureShop.Store.Infrastructure\Dapr\Gateways\UseCases\GetProducts\GetProductsByIdsResponse.cs,The tool detected the smell in this class because two or more abstractions have identical names. The abstractions with identical names are: ModernArchitectureShop.Store.Infrastructure.Dapr.Gateways.UseCases.GetProducts.ProductStoreResult' ModernArchitectureShop.Store.Infrastructure.UseCases.GetProductsByIds.ProductStoreResult
Unnecessary Abstraction,ModernArchitectureShop.Store.Infrastructure.Dapr.Gateways.UseCases.GetProducts,GetProductsResponse,C:\Users\victo\Downloads\PROYECTOS_ACTUALIZADOS\ModernArchitectureShop-master\ModernArchitectureShop-master\src\Store\ModernArchitectureShop.Store.Infrastructure\Dapr\Gateways\UseCases\GetProducts\GetProductsResponse.cs,The tool detected the smell in this class because the class contains only a few data members without any method implementation' that indicates that the abstraction might not be required. Following fields and properties are declared in this class: Products
Unutilized Abstraction,ModernArchitectureShop.Store.Infrastructure.Dapr.Gateways.UseCases.GetProducts,GetProductsResponse,C:\Users\victo\Downloads\PROYECTOS_ACTUALIZADOS\ModernArchitectureShop-master\ModernArchitectureShop-master\src\Store\ModernArchitectureShop.Store.Infrastructure\Dapr\Gateways\UseCases\GetProducts\GetProductsResponse.cs,The tool detected the smell in this class because this class is potentially unused.   (Please ignore the smell if the reported class is auto-generated and/or used to serve a specific known purpose.)
Duplicate Abstraction,ModernArchitectureShop.Store.Infrastructure.Dapr.Gateways.UseCases.GetProducts,GetProductsResponse,C:\Users\victo\Downloads\PROYECTOS_ACTUALIZADOS\ModernArchitectureShop-master\ModernArchitectureShop-master\src\Store\ModernArchitectureShop.Store.Infrastructure\Dapr\Gateways\UseCases\GetProducts\GetProductsResponse.cs,The tool detected the smell in this class because two or more abstractions have identical names. The abstractions with identical names are: ModernArchitectureShop.Store.Infrastructure.Dapr.Gateways.UseCases.GetProducts.GetProductsResponse' ModernArchitectureShop.Store.Infrastructure.UseCases.GetProducts.GetProductsResponse
Unutilized Abstraction,ModernArchitectureShop.Store.Infrastructure.Dto,ProductMappingProfile,C:\Users\victo\Downloads\PROYECTOS_ACTUALIZADOS\ModernArchitectureShop-master\ModernArchitectureShop-master\src\Store\ModernArchitectureShop.Store.Infrastructure\Dto\ProductMappingProfile.cs,The tool detected the smell in this class because this class is potentially unused.   (Please ignore the smell if the reported class is auto-generated and/or used to serve a specific known purpose.)
Unnecessary Abstraction,ModernArchitectureShop.Store.Infrastructure.Dto,StoreDto,C:\Users\victo\Downloads\PROYECTOS_ACTUALIZADOS\ModernArchitectureShop-master\ModernArchitectureShop-master\src\Store\ModernArchitectureShop.Store.Infrastructure\Dto\StoreDto.cs,The tool detected the smell in this class because the class contains only a few data members without any method implementation' that indicates that the abstraction might not be required. Following fields and properties are declared in this class: StoreId' Name' Address' Products
Unutilized Abstraction,ModernArchitectureShop.Store.Infrastructure.Dto,StoreMappingProfile,C:\Users\victo\Downloads\PROYECTOS_ACTUALIZADOS\ModernArchitectureShop-master\ModernArchitectureShop-master\src\Store\ModernArchitectureShop.Store.Infrastructure\Dto\StoreMappingProfile.cs,The tool detected the smell in this class because this class is potentially unused.   (Please ignore the smell if the reported class is auto-generated and/or used to serve a specific known purpose.)
Unnecessary Abstraction,ModernArchitectureShop.Store.Infrastructure.Events,IDomainEvent,C:\Users\victo\Downloads\PROYECTOS_ACTUALIZADOS\ModernArchitectureShop-master\ModernArchitectureShop-master\src\Store\ModernArchitectureShop.Store.Infrastructure\Events\DomainEventBase.cs,The tool detected the smell in this class because the class contains only a few data members without any method implementation' that indicates that the abstraction might not be required. Following fields and properties are declared in this class: CreatedAt
Unutilized Abstraction,ModernArchitectureShop.Store.Infrastructure.Events,IDomainEventContext,C:\Users\victo\Downloads\PROYECTOS_ACTUALIZADOS\ModernArchitectureShop-master\ModernArchitectureShop-master\src\Store\ModernArchitectureShop.Store.Infrastructure\Events\DomainEventBase.cs,The tool detected the smell in this class because this class is potentially unused.   (Please ignore the smell if the reported class is auto-generated and/or used to serve a specific known purpose.)
Unnecessary Abstraction,ModernArchitectureShop.Store.Infrastructure.Events,DomainEventBase,C:\Users\victo\Downloads\PROYECTOS_ACTUALIZADOS\ModernArchitectureShop-master\ModernArchitectureShop-master\src\Store\ModernArchitectureShop.Store.Infrastructure\Events\DomainEventBase.cs,The tool detected the smell in this class because the class contains only a few data members without any method implementation' that indicates that the abstraction might not be required. Following fields and properties are declared in this class: CreatedAt
Unnecessary Abstraction,ModernArchitectureShop.Store.Infrastructure.Events,DomainEventNotification,C:\Users\victo\Downloads\PROYECTOS_ACTUALIZADOS\ModernArchitectureShop-master\ModernArchitectureShop-master\src\Store\ModernArchitectureShop.Store.Infrastructure\Events\DomainEventNotification.cs,The tool detected the smell in this class because the class contains only a few data members without any method implementation' that indicates that the abstraction might not be required. Following fields and properties are declared in this class: DomainEvent
Unnecessary Abstraction,ModernArchitectureShop.Store.Infrastructure.Events,ProductCreated,C:\Users\victo\Downloads\PROYECTOS_ACTUALIZADOS\ModernArchitectureShop-master\ModernArchitectureShop-master\src\Store\ModernArchitectureShop.Store.Infrastructure\Events\ProductCreated.cs,The tool detected the smell in this class because the class contains only a few data members without any method implementation' that indicates that the abstraction might not be required. Following fields and properties are declared in this class: CreatedOn' ProductId' ProductCode' CreatedAt
Unutilized Abstraction,ModernArchitectureShop.Store.Infrastructure.Persistence,DatabaseExtensions,C:\Users\victo\Downloads\PROYECTOS_ACTUALIZADOS\ModernArchitectureShop-master\ModernArchitectureShop-master\src\Store\ModernArchitectureShop.Store.Infrastructure\Persistence\DatabaseExtensions.cs,The tool detected the smell in this class because this class is potentially unused.   (Please ignore the smell if the reported class is auto-generated and/or used to serve a specific known purpose.)
Duplicate Abstraction,ModernArchitectureShop.Store.Infrastructure.Persistence,DatabaseExtensions,C:\Users\victo\Downloads\PROYECTOS_ACTUALIZADOS\ModernArchitectureShop-master\ModernArchitectureShop-master\src\Store\ModernArchitectureShop.Store.Infrastructure\Persistence\DatabaseExtensions.cs,The tool detected the smell in this class because two or more abstractions have identical names. The abstractions with identical names are: ModernArchitectureShop.Store.Infrastructure.Persistence.DatabaseExtensions' ModernArchitectureShop.Store.Infrastructure.ServiceCollection.DatabaseExtensions
Unutilized Abstraction,ModernArchitectureShop.Store.Infrastructure.Persistence,DbExtentions,C:\Users\victo\Downloads\PROYECTOS_ACTUALIZADOS\ModernArchitectureShop-master\ModernArchitectureShop-master\src\Store\ModernArchitectureShop.Store.Infrastructure\Persistence\DbExtentions.cs,The tool detected the smell in this class because this class is potentially unused.   (Please ignore the smell if the reported class is auto-generated and/or used to serve a specific known purpose.)
Unutilized Abstraction,ModernArchitectureShop.Store.Infrastructure.ServiceCollection,CustomServiceCollectionExtenstion,C:\Users\victo\Downloads\PROYECTOS_ACTUALIZADOS\ModernArchitectureShop-master\ModernArchitectureShop-master\src\Store\ModernArchitectureShop.Store.Infrastructure\ServiceCollection\AddCustomDbContext.cs,The tool detected the smell in this class because this class is potentially unused.   (Please ignore the smell if the reported class is auto-generated and/or used to serve a specific known purpose.)
Unutilized Abstraction,ModernArchitectureShop.Store.Infrastructure.ServiceCollection,CustomRequestValidationExtenstion,C:\Users\victo\Downloads\PROYECTOS_ACTUALIZADOS\ModernArchitectureShop-master\ModernArchitectureShop-master\src\Store\ModernArchitectureShop.Store.Infrastructure\ServiceCollection\AddCustomRequestValidation.cs,The tool detected the smell in this class because this class is potentially unused.   (Please ignore the smell if the reported class is auto-generated and/or used to serve a specific known purpose.)
Unutilized Abstraction,ModernArchitectureShop.Store.Infrastructure.ServiceCollection,DaprServiceCollectionExtenstion,C:\Users\victo\Downloads\PROYECTOS_ACTUALIZADOS\ModernArchitectureShop-master\ModernArchitectureShop-master\src\Store\ModernArchitectureShop.Store.Infrastructure\ServiceCollection\DaprServiceCollectionExtenstion.cs,The tool detected the smell in this class because this class is potentially unused.   (Please ignore the smell if the reported class is auto-generated and/or used to serve a specific known purpose.)
Unutilized Abstraction,ModernArchitectureShop.Store.Infrastructure.ServiceCollection,DatabaseExtensions,C:\Users\victo\Downloads\PROYECTOS_ACTUALIZADOS\ModernArchitectureShop-master\ModernArchitectureShop-master\src\Store\ModernArchitectureShop.Store.Infrastructure\ServiceCollection\DatabaseExtensions.cs,The tool detected the smell in this class because this class is potentially unused.   (Please ignore the smell if the reported class is auto-generated and/or used to serve a specific known purpose.)
Unutilized Abstraction,ModernArchitectureShop.Store.Infrastructure.ServiceCollection,ServiceCollectionExtensions,C:\Users\victo\Downloads\PROYECTOS_ACTUALIZADOS\ModernArchitectureShop-master\ModernArchitectureShop-master\src\Store\ModernArchitectureShop.Store.Infrastructure\ServiceCollection\ServiceCollectionExtensions.cs,The tool detected the smell in this class because this class is potentially unused.   (Please ignore the smell if the reported class is auto-generated and/or used to serve a specific known purpose.)
Unnecessary Abstraction,ModernArchitectureShop.Store.Infrastructure.UseCases.AddOrUpdateProductStore,AddOrdUpdateProductStoreCommand,C:\Users\victo\Downloads\PROYECTOS_ACTUALIZADOS\ModernArchitectureShop-master\ModernArchitectureShop-master\src\Store\ModernArchitectureShop.Store.Infrastructure\UseCases\AddOrUpdateProductStore\AddOrdUpdateProductStoreCommand.cs,The tool detected the smell in this class because the class contains only a few data members without any method implementation' that indicates that the abstraction might not be required. Following fields and properties are declared in this class: ProductId' StoreId' Quantity' CanPurchase
Unutilized Abstraction,ModernArchitectureShop.Store.Infrastructure.UseCases.AddOrUpdateProductStore,AddOrUpdateProductStoreHandler,C:\Users\victo\Downloads\PROYECTOS_ACTUALIZADOS\ModernArchitectureShop-master\ModernArchitectureShop-master\src\Store\ModernArchitectureShop.Store.Infrastructure\UseCases\AddOrUpdateProductStore\AddOrUpdateProductStoreHandler.cs,The tool detected the smell in this class because this class is potentially unused.   (Please ignore the smell if the reported class is auto-generated and/or used to serve a specific known purpose.)
Unutilized Abstraction,ModernArchitectureShop.Store.Infrastructure.UseCases.AddOrUpdateProductStore,AddOrUpdateProductStoreValidator,C:\Users\victo\Downloads\PROYECTOS_ACTUALIZADOS\ModernArchitectureShop-master\ModernArchitectureShop-master\src\Store\ModernArchitectureShop.Store.Infrastructure\UseCases\AddOrUpdateProductStore\AddOrUpdateProductStoreValidator.cs,The tool detected the smell in this class because this class is potentially unused.   (Please ignore the smell if the reported class is auto-generated and/or used to serve a specific known purpose.)
Unnecessary Abstraction,ModernArchitectureShop.Store.Infrastructure.UseCases.CreateProduct,CreateProductCommand,C:\Users\victo\Downloads\PROYECTOS_ACTUALIZADOS\ModernArchitectureShop-master\ModernArchitectureShop-master\src\Store\ModernArchitectureShop.Store.Infrastructure\UseCases\CreateProduct\CreateProductCommand.cs,The tool detected the smell in this class because the class contains only a few data members without any method implementation' that indicates that the abstraction might not be required. Following fields and properties are declared in this class: ProductId' Code' Name' Price' ImageUrl
Unnecessary Abstraction,ModernArchitectureShop.Store.Infrastructure.UseCases.CreateProduct,CreateProductCommandResponse,C:\Users\victo\Downloads\PROYECTOS_ACTUALIZADOS\ModernArchitectureShop-master\ModernArchitectureShop-master\src\Store\ModernArchitectureShop.Store.Infrastructure\UseCases\CreateProduct\CreateProductCommandResponse.cs,The tool detected the smell in this class because the class contains only a few data members without any method implementation' that indicates that the abstraction might not be required. Following fields and properties are declared in this class: ProductId' Code' Price
Unutilized Abstraction,ModernArchitectureShop.Store.Infrastructure.UseCases.CreateProduct,CreateProductHandler,C:\Users\victo\Downloads\PROYECTOS_ACTUALIZADOS\ModernArchitectureShop-master\ModernArchitectureShop-master\src\Store\ModernArchitectureShop.Store.Infrastructure\UseCases\CreateProduct\CreateProductHandler.cs,The tool detected the smell in this class because this class is potentially unused.   (Please ignore the smell if the reported class is auto-generated and/or used to serve a specific known purpose.)
Feature Envy,ModernArchitectureShop.Store.Infrastructure.UseCases.CreateProduct,CreateProductHandler,C:\Users\victo\Downloads\PROYECTOS_ACTUALIZADOS\ModernArchitectureShop-master\ModernArchitectureShop-master\src\Store\ModernArchitectureShop.Store.Infrastructure\UseCases\CreateProduct\CreateProductHandler.cs,The tool detected the smell because a method in this type accesses members from another type more than the members from its own type. The method causing this smell is: Handle which is more interested in members of the type: IProductRepository
Unutilized Abstraction,ModernArchitectureShop.Store.Infrastructure.UseCases.CreateProduct,CreateProductValidator,C:\Users\victo\Downloads\PROYECTOS_ACTUALIZADOS\ModernArchitectureShop-master\ModernArchitectureShop-master\src\Store\ModernArchitectureShop.Store.Infrastructure\UseCases\CreateProduct\CreateProductValidator.cs,The tool detected the smell in this class because this class is potentially unused.   (Please ignore the smell if the reported class is auto-generated and/or used to serve a specific known purpose.)
Unnecessary Abstraction,ModernArchitectureShop.Store.Infrastructure.UseCases.CreateStore,CreateStoreCommand,C:\Users\victo\Downloads\PROYECTOS_ACTUALIZADOS\ModernArchitectureShop-master\ModernArchitectureShop-master\src\Store\ModernArchitectureShop.Store.Infrastructure\UseCases\CreateStore\CreateStoreCommand.cs,The tool detected the smell in this class because the class contains only a few data members without any method implementation' that indicates that the abstraction might not be required. Following fields and properties are declared in this class: Name' AddressId
Unutilized Abstraction,ModernArchitectureShop.Store.Infrastructure.UseCases.CreateStore,CreateStoreHandler,C:\Users\victo\Downloads\PROYECTOS_ACTUALIZADOS\ModernArchitectureShop-master\ModernArchitectureShop-master\src\Store\ModernArchitectureShop.Store.Infrastructure\UseCases\CreateStore\CreateStoreHandler.cs,The tool detected the smell in this class because this class is potentially unused.   (Please ignore the smell if the reported class is auto-generated and/or used to serve a specific known purpose.)
Unutilized Abstraction,ModernArchitectureShop.Store.Infrastructure.UseCases.CreateStore,CreateStoreValidator,C:\Users\victo\Downloads\PROYECTOS_ACTUALIZADOS\ModernArchitectureShop-master\ModernArchitectureShop-master\src\Store\ModernArchitectureShop.Store.Infrastructure\UseCases\CreateStore\CreateStoreValidator.cs,The tool detected the smell in this class because this class is potentially unused.   (Please ignore the smell if the reported class is auto-generated and/or used to serve a specific known purpose.)
Unnecessary Abstraction,ModernArchitectureShop.Store.Infrastructure.UseCases.DeleteProduct,DeleteProduct,C:\Users\victo\Downloads\PROYECTOS_ACTUALIZADOS\ModernArchitectureShop-master\ModernArchitectureShop-master\src\Store\ModernArchitectureShop.Store.Infrastructure\UseCases\DeleteProduct\DeleteProduct.cs,The tool detected the smell in this class because the class contains only a few data members without any method implementation' that indicates that the abstraction might not be required. Following fields and properties are declared in this class: ProductId
Unutilized Abstraction,ModernArchitectureShop.Store.Infrastructure.UseCases.DeleteProduct,DeleteProductHandler,C:\Users\victo\Downloads\PROYECTOS_ACTUALIZADOS\ModernArchitectureShop-master\ModernArchitectureShop-master\src\Store\ModernArchitectureShop.Store.Infrastructure\UseCases\DeleteProduct\DeleteProductHandler.cs,The tool detected the smell in this class because this class is potentially unused.   (Please ignore the smell if the reported class is auto-generated and/or used to serve a specific known purpose.)
Feature Envy,ModernArchitectureShop.Store.Infrastructure.UseCases.DeleteProduct,DeleteProductHandler,C:\Users\victo\Downloads\PROYECTOS_ACTUALIZADOS\ModernArchitectureShop-master\ModernArchitectureShop-master\src\Store\ModernArchitectureShop.Store.Infrastructure\UseCases\DeleteProduct\DeleteProductHandler.cs,The tool detected the smell because a method in this type accesses members from another type more than the members from its own type. The method causing this smell is: Handle which is more interested in members of the type: IProductRepository
Unutilized Abstraction,ModernArchitectureShop.Store.Infrastructure.UseCases.DeleteProduct,DeleteProductRequestValidator,C:\Users\victo\Downloads\PROYECTOS_ACTUALIZADOS\ModernArchitectureShop-master\ModernArchitectureShop-master\src\Store\ModernArchitectureShop.Store.Infrastructure\UseCases\DeleteProduct\DeleteProductValidator.cs,The tool detected the smell in this class because this class is potentially unused.   (Please ignore the smell if the reported class is auto-generated and/or used to serve a specific known purpose.)
Unnecessary Abstraction,ModernArchitectureShop.Store.Infrastructure.UseCases.GetProductsByIds,GetProductsByIdsCommand,C:\Users\victo\Downloads\PROYECTOS_ACTUALIZADOS\ModernArchitectureShop-master\ModernArchitectureShop-master\src\Store\ModernArchitectureShop.Store.Infrastructure\UseCases\GetProductsByIds\GetProductsByIdsCommand.cs,The tool detected the smell in this class because the class contains only a few data members without any method implementation' that indicates that the abstraction might not be required. Following fields and properties are declared in this class: ProductIds
Unutilized Abstraction,ModernArchitectureShop.Store.Infrastructure.UseCases.GetProductsByIds,GetProductsByIdsHandler,C:\Users\victo\Downloads\PROYECTOS_ACTUALIZADOS\ModernArchitectureShop-master\ModernArchitectureShop-master\src\Store\ModernArchitectureShop.Store.Infrastructure\UseCases\GetProductsByIds\GetProductsByIdsHandler.cs,The tool detected the smell in this class because this class is potentially unused.   (Please ignore the smell if the reported class is auto-generated and/or used to serve a specific known purpose.)
Unnecessary Abstraction,ModernArchitectureShop.Store.Infrastructure.UseCases.GetProductsByIds,GetProductsByIdsResponse,C:\Users\victo\Downloads\PROYECTOS_ACTUALIZADOS\ModernArchitectureShop-master\ModernArchitectureShop-master\src\Store\ModernArchitectureShop.Store.Infrastructure\UseCases\GetProductsByIds\GetProductsByIdsResponse.cs,The tool detected the smell in this class because the class contains only a few data members without any method implementation' that indicates that the abstraction might not be required. Following fields and properties are declared in this class: Products
Unnecessary Abstraction,ModernArchitectureShop.Store.Infrastructure.UseCases.GetProductsByIds,ProductResult,C:\Users\victo\Downloads\PROYECTOS_ACTUALIZADOS\ModernArchitectureShop-master\ModernArchitectureShop-master\src\Store\ModernArchitectureShop.Store.Infrastructure\UseCases\GetProductsByIds\GetProductsByIdsResponse.cs,The tool detected the smell in this class because the class contains only a few data members without any method implementation' that indicates that the abstraction might not be required. Following fields and properties are declared in this class: Id' Code' Store
Unutilized Abstraction,ModernArchitectureShop.Store.Infrastructure.UseCases.GetProductsByIds,GetProductsByIdsValidator,C:\Users\victo\Downloads\PROYECTOS_ACTUALIZADOS\ModernArchitectureShop-master\ModernArchitectureShop-master\src\Store\ModernArchitectureShop.Store.Infrastructure\UseCases\GetProductsByIds\GetProductsByIdsValidator.cs,The tool detected the smell in this class because this class is potentially unused.   (Please ignore the smell if the reported class is auto-generated and/or used to serve a specific known purpose.)
Unnecessary Abstraction,ModernArchitectureShop.Store.Infrastructure.UseCases.GetProducts,GetProductsCommand,C:\Users\victo\Downloads\PROYECTOS_ACTUALIZADOS\ModernArchitectureShop-master\ModernArchitectureShop-master\src\Store\ModernArchitectureShop.Store.Infrastructure\UseCases\GetProducts\GetProductsCommand.cs,The tool detected the smell in this class because the class contains only a few data members without any method implementation' that indicates that the abstraction might not be required. Following fields and properties are declared in this class: PageIndex' PageSize
Unutilized Abstraction,ModernArchitectureShop.Store.Infrastructure.UseCases.GetProducts,GetProductsHandler,C:\Users\victo\Downloads\PROYECTOS_ACTUALIZADOS\ModernArchitectureShop-master\ModernArchitectureShop-master\src\Store\ModernArchitectureShop.Store.Infrastructure\UseCases\GetProducts\GetProductsHandler.cs,The tool detected the smell in this class because this class is potentially unused.   (Please ignore the smell if the reported class is auto-generated and/or used to serve a specific known purpose.)
Unnecessary Abstraction,ModernArchitectureShop.Store.Infrastructure.UseCases.GetProducts,GetProductsResponse,C:\Users\victo\Downloads\PROYECTOS_ACTUALIZADOS\ModernArchitectureShop-master\ModernArchitectureShop-master\src\Store\ModernArchitectureShop.Store.Infrastructure\UseCases\GetProducts\GetProductsResponse.cs,The tool detected the smell in this class because the class contains only a few data members without any method implementation' that indicates that the abstraction might not be required. Following fields and properties are declared in this class: TotalOfProducts' Products
Unutilized Abstraction,ModernArchitectureShop.Store.Infrastructure.UseCases.GetProducts,GetProductsValidator,C:\Users\victo\Downloads\PROYECTOS_ACTUALIZADOS\ModernArchitectureShop-master\ModernArchitectureShop-master\src\Store\ModernArchitectureShop.Store.Infrastructure\UseCases\GetProducts\GetProductsValidator.cs,The tool detected the smell in this class because this class is potentially unused.   (Please ignore the smell if the reported class is auto-generated and/or used to serve a specific known purpose.)
Unnecessary Abstraction,ModernArchitectureShop.Store.Infrastructure.UseCases.GetStores,GetStoreCommand,C:\Users\victo\Downloads\PROYECTOS_ACTUALIZADOS\ModernArchitectureShop-master\ModernArchitectureShop-master\src\Store\ModernArchitectureShop.Store.Infrastructure\UseCases\GetStores\GetStoreCommand.cs,The tool detected the smell in this class because the class contains only a few data members without any method implementation' that indicates that the abstraction might not be required. Following fields and properties are declared in this class: 
Unnecessary Abstraction,ModernArchitectureShop.Store.Infrastructure.UseCases.GetStores,GetStoreResponse,C:\Users\victo\Downloads\PROYECTOS_ACTUALIZADOS\ModernArchitectureShop-master\ModernArchitectureShop-master\src\Store\ModernArchitectureShop.Store.Infrastructure\UseCases\GetStores\GetStoreResponse.cs,The tool detected the smell in this class because the class contains only a few data members without any method implementation' that indicates that the abstraction might not be required. Following fields and properties are declared in this class: Store
Unutilized Abstraction,ModernArchitectureShop.Store.Infrastructure.UseCases.GetStores,GetStoresHandler,C:\Users\victo\Downloads\PROYECTOS_ACTUALIZADOS\ModernArchitectureShop-master\ModernArchitectureShop-master\src\Store\ModernArchitectureShop.Store.Infrastructure\UseCases\GetStores\GetStoresHandler.cs,The tool detected the smell in this class because this class is potentially unused.   (Please ignore the smell if the reported class is auto-generated and/or used to serve a specific known purpose.)
Unutilized Abstraction,ModernArchitectureShop.Store.Infrastructure.UseCases.GetStores,GetStoresValidator,C:\Users\victo\Downloads\PROYECTOS_ACTUALIZADOS\ModernArchitectureShop-master\ModernArchitectureShop-master\src\Store\ModernArchitectureShop.Store.Infrastructure\UseCases\GetStores\GetStoresValidator.cs,The tool detected the smell in this class because this class is potentially unused.   (Please ignore the smell if the reported class is auto-generated and/or used to serve a specific known purpose.)
Unnecessary Abstraction,ModernArchitectureShop.Store.Infrastructure.UseCases.SearchProducts,SearchProductsCommand,C:\Users\victo\Downloads\PROYECTOS_ACTUALIZADOS\ModernArchitectureShop-master\ModernArchitectureShop-master\src\Store\ModernArchitectureShop.Store.Infrastructure\UseCases\SearchProducts\SearchProductsCommand.cs,The tool detected the smell in this class because the class contains only a few data members without any method implementation' that indicates that the abstraction might not be required. Following fields and properties are declared in this class: Filter' PageIndex' PageSize
Unutilized Abstraction,ModernArchitectureShop.Store.Infrastructure.UseCases.SearchProducts,SearchProductsHandler,C:\Users\victo\Downloads\PROYECTOS_ACTUALIZADOS\ModernArchitectureShop-master\ModernArchitectureShop-master\src\Store\ModernArchitectureShop.Store.Infrastructure\UseCases\SearchProducts\SearchProductsHandler.cs,The tool detected the smell in this class because this class is potentially unused.   (Please ignore the smell if the reported class is auto-generated and/or used to serve a specific known purpose.)
Unnecessary Abstraction,ModernArchitectureShop.Store.Infrastructure.UseCases.SearchProducts,SearchProductsResponse,C:\Users\victo\Downloads\PROYECTOS_ACTUALIZADOS\ModernArchitectureShop-master\ModernArchitectureShop-master\src\Store\ModernArchitectureShop.Store.Infrastructure\UseCases\SearchProducts\SearchProductsResponse.cs,The tool detected the smell in this class because the class contains only a few data members without any method implementation' that indicates that the abstraction might not be required. Following fields and properties are declared in this class: TotalOfProducts' Products
Unutilized Abstraction,ModernArchitectureShop.Store.Infrastructure.UseCases.SearchProducts,SearchProductsValidator,C:\Users\victo\Downloads\PROYECTOS_ACTUALIZADOS\ModernArchitectureShop-master\ModernArchitectureShop-master\src\Store\ModernArchitectureShop.Store.Infrastructure\UseCases\SearchProducts\SearchProductsValidator.cs,The tool detected the smell in this class because this class is potentially unused.   (Please ignore the smell if the reported class is auto-generated and/or used to serve a specific known purpose.)
Unutilized Abstraction,ModernArchitectureShop.Store.Infrastructure.Validation.Models,ValidationModelExtensions,C:\Users\victo\Downloads\PROYECTOS_ACTUALIZADOS\ModernArchitectureShop-master\ModernArchitectureShop-master\src\Store\ModernArchitectureShop.Store.Infrastructure\Validation\Models\ValidationModelExtensions.cs,The tool detected the smell in this class because this class is potentially unused.   (Please ignore the smell if the reported class is auto-generated and/or used to serve a specific known purpose.)
Broken Modularization,ModernArchitectureShop.Store.Infrastructure.Dapr.Gateways.UseCases.GetProducts,ProductResult,C:\Users\victo\Downloads\PROYECTOS_ACTUALIZADOS\ModernArchitectureShop-master\ModernArchitectureShop-master\src\Store\ModernArchitectureShop.Store.Infrastructure\Dapr\Gateways\UseCases\GetProducts\GetProductsByIdsResponse.cs,The tool detected the smell in this class because it contains only data members without any method implementation. Following fields and properties are declared in this class: Id' Code' Stores' Id' Code' Stores
Broken Modularization,ModernArchitectureShop.Store.Infrastructure.Dapr.Gateways.UseCases.GetProducts,ProductStoreResult,C:\Users\victo\Downloads\PROYECTOS_ACTUALIZADOS\ModernArchitectureShop-master\ModernArchitectureShop-master\src\Store\ModernArchitectureShop.Store.Infrastructure\Dapr\Gateways\UseCases\GetProducts\GetProductsByIdsResponse.cs,The tool detected the smell in this class because it contains only data members without any method implementation. Following fields and properties are declared in this class: StoreId' Name' Location' Quantity' CanPurchase' StoreId' Name' Location' Quantity' CanPurchase
Broken Modularization,ModernArchitectureShop.Store.Infrastructure.UseCases.AddOrUpdateProductStore,AddOrUpdateProductStoreResponse,C:\Users\victo\Downloads\PROYECTOS_ACTUALIZADOS\ModernArchitectureShop-master\ModernArchitectureShop-master\src\Store\ModernArchitectureShop.Store.Infrastructure\UseCases\AddOrUpdateProductStore\AddOrUpdateProductStoreResponse.cs,The tool detected the smell in this class because it contains only data members without any method implementation. Following fields and properties are declared in this class: ProductId' StoreId' Code' StoreName' Quantity' CanPurchase
Broken Modularization,ModernArchitectureShop.Store.Infrastructure.UseCases.CreateProduct,CreateProductCommand,C:\Users\victo\Downloads\PROYECTOS_ACTUALIZADOS\ModernArchitectureShop-master\ModernArchitectureShop-master\src\Store\ModernArchitectureShop.Store.Infrastructure\UseCases\CreateProduct\CreateProductCommand.cs,The tool detected the smell in this class because it contains only data members without any method implementation. Following fields and properties are declared in this class: ProductId' Code' Name' Price' ImageUrl
Broken Modularization,ModernArchitectureShop.Store.Infrastructure.UseCases.GetProductsByIds,ProductStoreResult,C:\Users\victo\Downloads\PROYECTOS_ACTUALIZADOS\ModernArchitectureShop-master\ModernArchitectureShop-master\src\Store\ModernArchitectureShop.Store.Infrastructure\UseCases\GetProductsByIds\GetProductsByIdsResponse.cs,The tool detected the smell in this class because it contains only data members without any method implementation. Following fields and properties are declared in this class: StoreId' Name' Location' Quantity' CanPurchase' Store
