Design smell,Namespace,Class,File,Cause
Unutilized Abstraction,WeText.Web,EmailService,C:\Users\victo\Downloads\PROYECTOS_ACTUALIZADOS\we-text-master\we-text-master\src\WeText.Web\App_Start\IdentityConfig.cs,The tool detected the smell in this class because this class is potentially unused.   (Please ignore the smell if the reported class is auto-generated and/or used to serve a specific known purpose.)
Unutilized Abstraction,WeText.Web,SmsService,C:\Users\victo\Downloads\PROYECTOS_ACTUALIZADOS\we-text-master\we-text-master\src\WeText.Web\App_Start\IdentityConfig.cs,The tool detected the smell in this class because this class is potentially unused.   (Please ignore the smell if the reported class is auto-generated and/or used to serve a specific known purpose.)
Unutilized Abstraction,WeText.Web,Startup,C:\Users\victo\Downloads\PROYECTOS_ACTUALIZADOS\we-text-master\we-text-master\src\WeText.Web\App_Start\Startup.Auth.cs,The tool detected the smell in this class because this class is potentially unused.   (Please ignore the smell if the reported class is auto-generated and/or used to serve a specific known purpose.)
Unutilized Abstraction,WeText.Web,MvcApplication,C:\Users\victo\Downloads\PROYECTOS_ACTUALIZADOS\we-text-master\we-text-master\src\WeText.Web\Global.asax.cs,The tool detected the smell in this class because this class is potentially unused.   (Please ignore the smell if the reported class is auto-generated and/or used to serve a specific known purpose.)
Unutilized Abstraction,WeText.Web.Controllers,AccountController,C:\Users\victo\Downloads\PROYECTOS_ACTUALIZADOS\we-text-master\we-text-master\src\WeText.Web\Controllers\AccountController.cs,The tool detected the smell in this class because this class is potentially unused.   (Please ignore the smell if the reported class is auto-generated and/or used to serve a specific known purpose.)
Unutilized Abstraction,WeText.Web.Controllers,HomeController,C:\Users\victo\Downloads\PROYECTOS_ACTUALIZADOS\we-text-master\we-text-master\src\WeText.Web\Controllers\HomeController.cs,The tool detected the smell in this class because this class is potentially unused.   (Please ignore the smell if the reported class is auto-generated and/or used to serve a specific known purpose.)
Unutilized Abstraction,WeText.Web.Controllers,ManageController,C:\Users\victo\Downloads\PROYECTOS_ACTUALIZADOS\we-text-master\we-text-master\src\WeText.Web\Controllers\ManageController.cs,The tool detected the smell in this class because this class is potentially unused.   (Please ignore the smell if the reported class is auto-generated and/or used to serve a specific known purpose.)
Unutilized Abstraction,WeText.Web.Controllers,MyFriendController,C:\Users\victo\Downloads\PROYECTOS_ACTUALIZADOS\we-text-master\we-text-master\src\WeText.Web\Controllers\MyFriendController.cs,The tool detected the smell in this class because this class is potentially unused.   (Please ignore the smell if the reported class is auto-generated and/or used to serve a specific known purpose.)
Unutilized Abstraction,WeText.Web.Controllers,MyTextController,C:\Users\victo\Downloads\PROYECTOS_ACTUALIZADOS\we-text-master\we-text-master\src\WeText.Web\Controllers\MyTextController.cs,The tool detected the smell in this class because this class is potentially unused.   (Please ignore the smell if the reported class is auto-generated and/or used to serve a specific known purpose.)
Unnecessary Abstraction,WeText.Web.Models,ExternalLoginConfirmationViewModel,C:\Users\victo\Downloads\PROYECTOS_ACTUALIZADOS\we-text-master\we-text-master\src\WeText.Web\Models\AccountViewModels.cs,The tool detected the smell in this class because the class contains only a few data members without any method implementation' that indicates that the abstraction might not be required. Following fields and properties are declared in this class: Email
Unnecessary Abstraction,WeText.Web.Models,ExternalLoginListViewModel,C:\Users\victo\Downloads\PROYECTOS_ACTUALIZADOS\we-text-master\we-text-master\src\WeText.Web\Models\AccountViewModels.cs,The tool detected the smell in this class because the class contains only a few data members without any method implementation' that indicates that the abstraction might not be required. Following fields and properties are declared in this class: ReturnUrl
Unutilized Abstraction,WeText.Web.Models,ExternalLoginListViewModel,C:\Users\victo\Downloads\PROYECTOS_ACTUALIZADOS\we-text-master\we-text-master\src\WeText.Web\Models\AccountViewModels.cs,The tool detected the smell in this class because this class is potentially unused.   (Please ignore the smell if the reported class is auto-generated and/or used to serve a specific known purpose.)
Unnecessary Abstraction,WeText.Web.Models,SendCodeViewModel,C:\Users\victo\Downloads\PROYECTOS_ACTUALIZADOS\we-text-master\we-text-master\src\WeText.Web\Models\AccountViewModels.cs,The tool detected the smell in this class because the class contains only a few data members without any method implementation' that indicates that the abstraction might not be required. Following fields and properties are declared in this class: SelectedProvider' Providers' ReturnUrl' RememberMe
Unnecessary Abstraction,WeText.Web.Models,VerifyCodeViewModel,C:\Users\victo\Downloads\PROYECTOS_ACTUALIZADOS\we-text-master\we-text-master\src\WeText.Web\Models\AccountViewModels.cs,The tool detected the smell in this class because the class contains only a few data members without any method implementation' that indicates that the abstraction might not be required. Following fields and properties are declared in this class: Provider' Code' ReturnUrl' RememberBrowser' RememberMe
Unnecessary Abstraction,WeText.Web.Models,ForgotViewModel,C:\Users\victo\Downloads\PROYECTOS_ACTUALIZADOS\we-text-master\we-text-master\src\WeText.Web\Models\AccountViewModels.cs,The tool detected the smell in this class because the class contains only a few data members without any method implementation' that indicates that the abstraction might not be required. Following fields and properties are declared in this class: Email
Unutilized Abstraction,WeText.Web.Models,ForgotViewModel,C:\Users\victo\Downloads\PROYECTOS_ACTUALIZADOS\we-text-master\we-text-master\src\WeText.Web\Models\AccountViewModels.cs,The tool detected the smell in this class because this class is potentially unused.   (Please ignore the smell if the reported class is auto-generated and/or used to serve a specific known purpose.)
Unnecessary Abstraction,WeText.Web.Models,LoginViewModel,C:\Users\victo\Downloads\PROYECTOS_ACTUALIZADOS\we-text-master\we-text-master\src\WeText.Web\Models\AccountViewModels.cs,The tool detected the smell in this class because the class contains only a few data members without any method implementation' that indicates that the abstraction might not be required. Following fields and properties are declared in this class: Name' Password' RememberMe
Unnecessary Abstraction,WeText.Web.Models,RegisterViewModel,C:\Users\victo\Downloads\PROYECTOS_ACTUALIZADOS\we-text-master\we-text-master\src\WeText.Web\Models\AccountViewModels.cs,The tool detected the smell in this class because the class contains only a few data members without any method implementation' that indicates that the abstraction might not be required. Following fields and properties are declared in this class: Name' DisplayName' Email' Password' ConfirmPassword
Unnecessary Abstraction,WeText.Web.Models,ResetPasswordViewModel,C:\Users\victo\Downloads\PROYECTOS_ACTUALIZADOS\we-text-master\we-text-master\src\WeText.Web\Models\AccountViewModels.cs,The tool detected the smell in this class because the class contains only a few data members without any method implementation' that indicates that the abstraction might not be required. Following fields and properties are declared in this class: Email' Password' ConfirmPassword' Code
Unnecessary Abstraction,WeText.Web.Models,ForgotPasswordViewModel,C:\Users\victo\Downloads\PROYECTOS_ACTUALIZADOS\we-text-master\we-text-master\src\WeText.Web\Models\AccountViewModels.cs,The tool detected the smell in this class because the class contains only a few data members without any method implementation' that indicates that the abstraction might not be required. Following fields and properties are declared in this class: Email
Unnecessary Abstraction,WeText.Web.Models,CreateTextViewModel,C:\Users\victo\Downloads\PROYECTOS_ACTUALIZADOS\we-text-master\we-text-master\src\WeText.Web\Models\CreateTextViewModel.cs,The tool detected the smell in this class because the class contains only a few data members without any method implementation' that indicates that the abstraction might not be required. Following fields and properties are declared in this class: Title' Content
Unnecessary Abstraction,WeText.Web.Models,EditTextViewModel,C:\Users\victo\Downloads\PROYECTOS_ACTUALIZADOS\we-text-master\we-text-master\src\WeText.Web\Models\EditTextViewModel.cs,The tool detected the smell in this class because the class contains only a few data members without any method implementation' that indicates that the abstraction might not be required. Following fields and properties are declared in this class: TextId' Title' Content
Unnecessary Abstraction,WeText.Web.Models,IndexViewModel,C:\Users\victo\Downloads\PROYECTOS_ACTUALIZADOS\we-text-master\we-text-master\src\WeText.Web\Models\ManageViewModels.cs,The tool detected the smell in this class because the class contains only a few data members without any method implementation' that indicates that the abstraction might not be required. Following fields and properties are declared in this class: DisplayName' Email
Unnecessary Abstraction,WeText.Web.Models,TextViewModel,C:\Users\victo\Downloads\PROYECTOS_ACTUALIZADOS\we-text-master\we-text-master\src\WeText.Web\Models\TextViewModel.cs,The tool detected the smell in this class because the class contains only a few data members without any method implementation' that indicates that the abstraction might not be required. Following fields and properties are declared in this class: Id' UserId' Title' Content' DateCreated
Insufficient Modularization,WeText.Web.Controllers,AccountController,C:\Users\victo\Downloads\PROYECTOS_ACTUALIZADOS\we-text-master\we-text-master\src\WeText.Web\Controllers\AccountController.cs,The tool detected the smell in this class becuase the class has bloated interface (large number of public methods). Total public methods in the class: 22 public methods
Broken Modularization,WeText.Web.Models,VerifyCodeViewModel,C:\Users\victo\Downloads\PROYECTOS_ACTUALIZADOS\we-text-master\we-text-master\src\WeText.Web\Models\AccountViewModels.cs,The tool detected the smell in this class because it contains only data members without any method implementation. Following fields and properties are declared in this class: Provider' Code' ReturnUrl' RememberBrowser' RememberMe
Broken Modularization,WeText.Web.Models,RegisterViewModel,C:\Users\victo\Downloads\PROYECTOS_ACTUALIZADOS\we-text-master\we-text-master\src\WeText.Web\Models\AccountViewModels.cs,The tool detected the smell in this class because it contains only data members without any method implementation. Following fields and properties are declared in this class: Name' DisplayName' Email' Password' ConfirmPassword
Broken Modularization,WeText.Web.Models,InvitationViewModel,C:\Users\victo\Downloads\PROYECTOS_ACTUALIZADOS\we-text-master\we-text-master\src\WeText.Web\Models\InvitationViewModel.cs,The tool detected the smell in this class because it contains only data members without any method implementation. Following fields and properties are declared in this class: InvitationId' UserDisplayName' SentDate' Status' CompleteDate' IsCompleted
Broken Modularization,WeText.Web.Models,TextViewModel,C:\Users\victo\Downloads\PROYECTOS_ACTUALIZADOS\we-text-master\we-text-master\src\WeText.Web\Models\TextViewModel.cs,The tool detected the smell in this class because it contains only data members without any method implementation. Following fields and properties are declared in this class: Id' UserId' Title' Content' DateCreated
Insufficient Modularization,WeText.Web.Models,WebApiUserStore,C:\Users\victo\Downloads\PROYECTOS_ACTUALIZADOS\we-text-master\we-text-master\src\WeText.Web\Models\WebApiUserStore.cs,The tool detected the smell in this class becuase the class has bloated interface (large number of public methods). Total public methods in the class: 32 public methods
Insufficient Modularization,WeText.Web.Models,WebApiUserStore,C:\Users\victo\Downloads\PROYECTOS_ACTUALIZADOS\we-text-master\we-text-master\src\WeText.Web\Models\WebApiUserStore.cs,The tool detected the smell in this class because the class contains large number of methods. Total methods in the class: 33 methods
