Design smell,Namespace,Class,File,Cause
Unutilized Abstraction,WeText.Services.Texting,TextingController,C:\Users\victo\Downloads\PROYECTOS_ACTUALIZADOS\we-text-master\we-text-master\src\Services\WeText.Services.Texting\TextingController.cs,The tool detected the smell in this class because this class is potentially unused.   (Please ignore the smell if the reported class is auto-generated and/or used to serve a specific known purpose.)
Unnecessary Abstraction,WeText.Services.Texting,TextTableObject,C:\Users\victo\Downloads\PROYECTOS_ACTUALIZADOS\we-text-master\we-text-master\src\Services\WeText.Services.Texting\TextTableObject.cs,The tool detected the smell in this class because the class contains only a few data members without any method implementation' that indicates that the abstraction might not be required. Following fields and properties are declared in this class: Id' UserId' Title' Content' DateCreated
Unutilized Abstraction,WeText.Services.Texting,TextingServiceRegister,C:\Users\victo\Downloads\PROYECTOS_ACTUALIZADOS\we-text-master\we-text-master\src\Services\WeText.Services.Texting\TextingServiceRegister.cs,The tool detected the smell in this class because this class is potentially unused.   (Please ignore the smell if the reported class is auto-generated and/or used to serve a specific known purpose.)
Broken Modularization,WeText.Services.Texting,TextTableObject,C:\Users\victo\Downloads\PROYECTOS_ACTUALIZADOS\we-text-master\we-text-master\src\Services\WeText.Services.Texting\TextTableObject.cs,The tool detected the smell in this class because it contains only data members without any method implementation. Following fields and properties are declared in this class: Id' UserId' Title' Content' DateCreated
Broken Hierarchy,WeText.Services.Texting,TextingService,C:\Users\victo\Downloads\PROYECTOS_ACTUALIZADOS\we-text-master\we-text-master\src\Services\WeText.Services.Texting\TextingService.cs,The tool detected a potential instance of the smell because this type does not implement or override any method from it's supertype(s): WeText.Services.Common.Microservice
