project,versionId,versionIndex,versionDate,edgeId,edgeLabel,from,fromId,to,toId
sitewhere/,a7ca898667ab3c2778d13f8cbc0b9a2fb5656d15,0,2021-03-23T15:20:57,83575,affects,cyclicDep,83571,com.sitewhere.asset.configuration,6760
sitewhere/,a7ca898667ab3c2778d13f8cbc0b9a2fb5656d15,0,2021-03-23T15:20:57,83574,affects,cyclicDep,83571,com.sitewhere.asset.persistence.rdb,3967
sitewhere/,a7ca898667ab3c2778d13f8cbc0b9a2fb5656d15,0,2021-03-23T15:20:57,83576,affects,cyclicDep,83571,com.sitewhere.asset.spi.microservice,5570
sitewhere/,a7ca898667ab3c2778d13f8cbc0b9a2fb5656d15,0,2021-03-23T15:20:57,83583,affects,cyclicDep,83580,com.sitewhere.asset.configuration,6760
sitewhere/,a7ca898667ab3c2778d13f8cbc0b9a2fb5656d15,0,2021-03-23T15:20:57,83584,affects,cyclicDep,83580,com.sitewhere.asset.spi.microservice,5570
sitewhere/,a7ca898667ab3c2778d13f8cbc0b9a2fb5656d15,0,2021-03-23T15:20:57,83591,affects,cyclicDep,83588,com.sitewhere.batch.handler,845
sitewhere/,a7ca898667ab3c2778d13f8cbc0b9a2fb5656d15,0,2021-03-23T15:20:57,83592,affects,cyclicDep,83588,com.sitewhere.batch,2092
sitewhere/,a7ca898667ab3c2778d13f8cbc0b9a2fb5656d15,0,2021-03-23T15:20:57,83599,affects,cyclicDep,83596,com.sitewhere.batch.configuration.manager,5587
sitewhere/,a7ca898667ab3c2778d13f8cbc0b9a2fb5656d15,0,2021-03-23T15:20:57,83601,affects,cyclicDep,83596,com.sitewhere.batch.spi.microservice,3365
sitewhere/,a7ca898667ab3c2778d13f8cbc0b9a2fb5656d15,0,2021-03-23T15:20:57,83600,affects,cyclicDep,83596,com.sitewhere.batch.configuration,4753
sitewhere/,a7ca898667ab3c2778d13f8cbc0b9a2fb5656d15,0,2021-03-23T15:20:57,83603,affects,cyclicDep,83596,com.sitewhere.batch,2092
sitewhere/,a7ca898667ab3c2778d13f8cbc0b9a2fb5656d15,0,2021-03-23T15:20:57,83602,affects,cyclicDep,83596,com.sitewhere.batch.handler,845
sitewhere/,a7ca898667ab3c2778d13f8cbc0b9a2fb5656d15,0,2021-03-23T15:20:57,83619,affects,cyclicDep,83615,com.sitewhere.batch.persistence.rdb,6969
sitewhere/,a7ca898667ab3c2778d13f8cbc0b9a2fb5656d15,0,2021-03-23T15:20:57,83618,affects,cyclicDep,83615,com.sitewhere.batch.persistence,4761
sitewhere/,a7ca898667ab3c2778d13f8cbc0b9a2fb5656d15,0,2021-03-23T15:20:57,83621,affects,cyclicDep,83615,com.sitewhere.batch.spi.microservice,3365
sitewhere/,a7ca898667ab3c2778d13f8cbc0b9a2fb5656d15,0,2021-03-23T15:20:57,83620,affects,cyclicDep,83615,com.sitewhere.batch.configuration,4753
sitewhere/,a7ca898667ab3c2778d13f8cbc0b9a2fb5656d15,0,2021-03-23T15:20:57,83623,affects,cyclicDep,83615,com.sitewhere.batch,2092
sitewhere/,a7ca898667ab3c2778d13f8cbc0b9a2fb5656d15,0,2021-03-23T15:20:57,83622,affects,cyclicDep,83615,com.sitewhere.batch.handler,845
sitewhere/,a7ca898667ab3c2778d13f8cbc0b9a2fb5656d15,0,2021-03-23T15:20:57,83631,affects,cyclicDep,83627,com.sitewhere.batch.configuration,4753
sitewhere/,a7ca898667ab3c2778d13f8cbc0b9a2fb5656d15,0,2021-03-23T15:20:57,83630,affects,cyclicDep,83627,com.sitewhere.batch.persistence.rdb,6969
sitewhere/,a7ca898667ab3c2778d13f8cbc0b9a2fb5656d15,0,2021-03-23T15:20:57,83632,affects,cyclicDep,83627,com.sitewhere.batch.spi.microservice,3365
sitewhere/,a7ca898667ab3c2778d13f8cbc0b9a2fb5656d15,0,2021-03-23T15:20:57,83663,affects,cyclicDep,83660,com.sitewhere.commands.manager,2375
sitewhere/,a7ca898667ab3c2778d13f8cbc0b9a2fb5656d15,0,2021-03-23T15:20:57,83665,affects,cyclicDep,83660,com.sitewhere.commands.configuration,2419
sitewhere/,a7ca898667ab3c2778d13f8cbc0b9a2fb5656d15,0,2021-03-23T15:20:57,83664,affects,cyclicDep,83660,com.sitewhere.commands.configuration.destinations,128
sitewhere/,a7ca898667ab3c2778d13f8cbc0b9a2fb5656d15,0,2021-03-23T15:20:57,83681,affects,cyclicDep,83677,com.sitewhere.commands.manager,2375
sitewhere/,a7ca898667ab3c2778d13f8cbc0b9a2fb5656d15,0,2021-03-23T15:20:57,83680,affects,cyclicDep,83677,com.sitewhere.commands.configuration.destinations.coap,186
sitewhere/,a7ca898667ab3c2778d13f8cbc0b9a2fb5656d15,0,2021-03-23T15:20:57,83682,affects,cyclicDep,83677,com.sitewhere.commands.configuration.destinations,128
sitewhere/,a7ca898667ab3c2778d13f8cbc0b9a2fb5656d15,0,2021-03-23T15:20:57,83689,affects,cyclicDep,83686,com.sitewhere.commands.configuration.destinations.mqtt,194
sitewhere/,a7ca898667ab3c2778d13f8cbc0b9a2fb5656d15,0,2021-03-23T15:20:57,83691,affects,cyclicDep,83686,com.sitewhere.commands.configuration.destinations,128
sitewhere/,a7ca898667ab3c2778d13f8cbc0b9a2fb5656d15,0,2021-03-23T15:20:57,83690,affects,cyclicDep,83686,com.sitewhere.commands.manager,2375
sitewhere/,a7ca898667ab3c2778d13f8cbc0b9a2fb5656d15,0,2021-03-23T15:20:57,83699,affects,cyclicDep,83695,com.sitewhere.commands.destination.coap,391
sitewhere/,a7ca898667ab3c2778d13f8cbc0b9a2fb5656d15,0,2021-03-23T15:20:57,83698,affects,cyclicDep,83695,com.sitewhere.commands.destination,332
sitewhere/,a7ca898667ab3c2778d13f8cbc0b9a2fb5656d15,0,2021-03-23T15:20:57,83701,affects,cyclicDep,83695,com.sitewhere.commands.configuration.destinations,128
sitewhere/,a7ca898667ab3c2778d13f8cbc0b9a2fb5656d15,0,2021-03-23T15:20:57,83700,affects,cyclicDep,83695,com.sitewhere.commands.manager,2375
sitewhere/,a7ca898667ab3c2778d13f8cbc0b9a2fb5656d15,0,2021-03-23T15:20:57,83725,affects,cyclicDep,83721,com.sitewhere.commands.configuration.router.devicetypemapping,1709
sitewhere/,a7ca898667ab3c2778d13f8cbc0b9a2fb5656d15,0,2021-03-23T15:20:57,83724,affects,cyclicDep,83721,com.sitewhere.commands.configuration.router,1628
sitewhere/,a7ca898667ab3c2778d13f8cbc0b9a2fb5656d15,0,2021-03-23T15:20:57,83733,affects,cyclicDep,83729,com.sitewhere.commands.configuration.router.devicetypemapping,1709
sitewhere/,a7ca898667ab3c2778d13f8cbc0b9a2fb5656d15,0,2021-03-23T15:20:57,83732,affects,cyclicDep,83729,com.sitewhere.commands.configuration.router,1628
sitewhere/,a7ca898667ab3c2778d13f8cbc0b9a2fb5656d15,0,2021-03-23T15:20:57,83734,affects,cyclicDep,83729,com.sitewhere.commands.routing,2435
sitewhere/,a7ca898667ab3c2778d13f8cbc0b9a2fb5656d15,0,2021-03-23T15:20:57,83749,affects,cyclicDep,83746,com.sitewhere.connectors.configuration.connector,5919
sitewhere/,a7ca898667ab3c2778d13f8cbc0b9a2fb5656d15,0,2021-03-23T15:20:57,83751,affects,cyclicDep,83746,com.sitewhere.connectors.configuration,5867
sitewhere/,a7ca898667ab3c2778d13f8cbc0b9a2fb5656d15,0,2021-03-23T15:20:57,83750,affects,cyclicDep,83746,com.sitewhere.connectors.manager,6136
sitewhere/,a7ca898667ab3c2778d13f8cbc0b9a2fb5656d15,0,2021-03-23T15:20:57,83759,affects,cyclicDep,83755,com.sitewhere.connectors.manager,6136
sitewhere/,a7ca898667ab3c2778d13f8cbc0b9a2fb5656d15,0,2021-03-23T15:20:57,83758,affects,cyclicDep,83755,com.sitewhere.connectors.mqtt,649
sitewhere/,a7ca898667ab3c2778d13f8cbc0b9a2fb5656d15,0,2021-03-23T15:20:57,83761,affects,cyclicDep,83755,com.sitewhere.connectors.spi.microservice,3178
sitewhere/,a7ca898667ab3c2778d13f8cbc0b9a2fb5656d15,0,2021-03-23T15:20:57,83760,affects,cyclicDep,83755,com.sitewhere.connectors.configuration,5867
sitewhere/,a7ca898667ab3c2778d13f8cbc0b9a2fb5656d15,0,2021-03-23T15:20:57,83762,affects,cyclicDep,83755,com.sitewhere.connectors,2172
sitewhere/,a7ca898667ab3c2778d13f8cbc0b9a2fb5656d15,0,2021-03-23T15:20:57,83777,affects,cyclicDep,83774,com.sitewhere.device.persistence.rdb,3010
sitewhere/,a7ca898667ab3c2778d13f8cbc0b9a2fb5656d15,0,2021-03-23T15:20:57,83779,affects,cyclicDep,83774,com.sitewhere.device.spi.microservice,523
sitewhere/,a7ca898667ab3c2778d13f8cbc0b9a2fb5656d15,0,2021-03-23T15:20:57,83778,affects,cyclicDep,83774,com.sitewhere.device.configuration,1093
sitewhere/,a7ca898667ab3c2778d13f8cbc0b9a2fb5656d15,0,2021-03-23T15:20:57,83780,affects,cyclicDep,83774,com.sitewhere.device,2084
sitewhere/,a7ca898667ab3c2778d13f8cbc0b9a2fb5656d15,0,2021-03-23T15:20:57,83787,affects,cyclicDep,83784,com.sitewhere.device.microservice,4175
sitewhere/,a7ca898667ab3c2778d13f8cbc0b9a2fb5656d15,0,2021-03-23T15:20:57,83789,affects,cyclicDep,83784,com.sitewhere.device.configuration,1093
sitewhere/,a7ca898667ab3c2778d13f8cbc0b9a2fb5656d15,0,2021-03-23T15:20:57,83788,affects,cyclicDep,83784,com.sitewhere.device.persistence.rdb,3010
sitewhere/,a7ca898667ab3c2778d13f8cbc0b9a2fb5656d15,0,2021-03-23T15:20:57,83791,affects,cyclicDep,83784,com.sitewhere.device,2084
sitewhere/,a7ca898667ab3c2778d13f8cbc0b9a2fb5656d15,0,2021-03-23T15:20:57,83790,affects,cyclicDep,83784,com.sitewhere.device.spi.microservice,523
sitewhere/,a7ca898667ab3c2778d13f8cbc0b9a2fb5656d15,0,2021-03-23T15:20:57,83799,affects,cyclicDep,83795,com.sitewhere.device.persistence.rdb,3010
sitewhere/,a7ca898667ab3c2778d13f8cbc0b9a2fb5656d15,0,2021-03-23T15:20:57,83798,affects,cyclicDep,83795,com.sitewhere.device.microservice,4175
sitewhere/,a7ca898667ab3c2778d13f8cbc0b9a2fb5656d15,0,2021-03-23T15:20:57,83800,affects,cyclicDep,83795,com.sitewhere.device.configuration,1093
sitewhere/,a7ca898667ab3c2778d13f8cbc0b9a2fb5656d15,0,2021-03-23T15:20:57,83807,affects,cyclicDep,83804,com.sitewhere.device.grpc,4143
sitewhere/,a7ca898667ab3c2778d13f8cbc0b9a2fb5656d15,0,2021-03-23T15:20:57,83809,affects,cyclicDep,83804,com.sitewhere.device.persistence.rdb,3010
sitewhere/,a7ca898667ab3c2778d13f8cbc0b9a2fb5656d15,0,2021-03-23T15:20:57,83808,affects,cyclicDep,83804,com.sitewhere.device.microservice,4175
sitewhere/,a7ca898667ab3c2778d13f8cbc0b9a2fb5656d15,0,2021-03-23T15:20:57,83811,affects,cyclicDep,83804,com.sitewhere.device.spi.microservice,523
sitewhere/,a7ca898667ab3c2778d13f8cbc0b9a2fb5656d15,0,2021-03-23T15:20:57,83810,affects,cyclicDep,83804,com.sitewhere.device.configuration,1093
sitewhere/,a7ca898667ab3c2778d13f8cbc0b9a2fb5656d15,0,2021-03-23T15:20:57,83819,affects,cyclicDep,83815,com.sitewhere.device.persistence.rdb,3010
sitewhere/,a7ca898667ab3c2778d13f8cbc0b9a2fb5656d15,0,2021-03-23T15:20:57,83818,affects,cyclicDep,83815,com.sitewhere.device.microservice,4175
sitewhere/,a7ca898667ab3c2778d13f8cbc0b9a2fb5656d15,0,2021-03-23T15:20:57,83821,affects,cyclicDep,83815,com.sitewhere.device.spi.microservice,523
sitewhere/,a7ca898667ab3c2778d13f8cbc0b9a2fb5656d15,0,2021-03-23T15:20:57,83820,affects,cyclicDep,83815,com.sitewhere.device.configuration,1093
sitewhere/,a7ca898667ab3c2778d13f8cbc0b9a2fb5656d15,0,2021-03-23T15:20:57,83829,affects,cyclicDep,83825,com.sitewhere.device.configuration,1093
sitewhere/,a7ca898667ab3c2778d13f8cbc0b9a2fb5656d15,0,2021-03-23T15:20:57,83828,affects,cyclicDep,83825,com.sitewhere.device.persistence.rdb,3010
sitewhere/,a7ca898667ab3c2778d13f8cbc0b9a2fb5656d15,0,2021-03-23T15:20:57,83830,affects,cyclicDep,83825,com.sitewhere.device.spi.microservice,523
sitewhere/,a7ca898667ab3c2778d13f8cbc0b9a2fb5656d15,0,2021-03-23T15:20:57,83837,affects,cyclicDep,83834,com.sitewhere.device.configuration,1093
sitewhere/,a7ca898667ab3c2778d13f8cbc0b9a2fb5656d15,0,2021-03-23T15:20:57,83838,affects,cyclicDep,83834,com.sitewhere.device.spi.microservice,523
sitewhere/,a7ca898667ab3c2778d13f8cbc0b9a2fb5656d15,0,2021-03-23T15:20:57,83845,affects,cyclicDep,83842,com.sitewhere.devicestate.microservice,203
sitewhere/,a7ca898667ab3c2778d13f8cbc0b9a2fb5656d15,0,2021-03-23T15:20:57,83847,affects,cyclicDep,83842,com.sitewhere.devicestate.configuration,2197
sitewhere/,a7ca898667ab3c2778d13f8cbc0b9a2fb5656d15,0,2021-03-23T15:20:57,83846,affects,cyclicDep,83842,com.sitewhere.devicestate.persistence.rdb,7756
sitewhere/,a7ca898667ab3c2778d13f8cbc0b9a2fb5656d15,0,2021-03-23T15:20:57,83855,affects,cyclicDep,83851,com.sitewhere.devicestate.microservice,203
sitewhere/,a7ca898667ab3c2778d13f8cbc0b9a2fb5656d15,0,2021-03-23T15:20:57,83854,affects,cyclicDep,83851,com.sitewhere.devicestate.grpc,1135
sitewhere/,a7ca898667ab3c2778d13f8cbc0b9a2fb5656d15,0,2021-03-23T15:20:57,83857,affects,cyclicDep,83851,com.sitewhere.devicestate.configuration,2197
sitewhere/,a7ca898667ab3c2778d13f8cbc0b9a2fb5656d15,0,2021-03-23T15:20:57,83856,affects,cyclicDep,83851,com.sitewhere.devicestate.persistence.rdb,7756
sitewhere/,a7ca898667ab3c2778d13f8cbc0b9a2fb5656d15,0,2021-03-23T15:20:57,83858,affects,cyclicDep,83851,com.sitewhere.devicestate.spi.microservice,6252
sitewhere/,a7ca898667ab3c2778d13f8cbc0b9a2fb5656d15,0,2021-03-23T15:20:57,83865,affects,cyclicDep,83862,com.sitewhere.devicestate.kafka,7487
sitewhere/,a7ca898667ab3c2778d13f8cbc0b9a2fb5656d15,0,2021-03-23T15:20:57,83867,affects,cyclicDep,83862,com.sitewhere.devicestate.persistence.rdb,7756
sitewhere/,a7ca898667ab3c2778d13f8cbc0b9a2fb5656d15,0,2021-03-23T15:20:57,83866,affects,cyclicDep,83862,com.sitewhere.devicestate.microservice,203
sitewhere/,a7ca898667ab3c2778d13f8cbc0b9a2fb5656d15,0,2021-03-23T15:20:57,83868,affects,cyclicDep,83862,com.sitewhere.devicestate.configuration,2197
sitewhere/,a7ca898667ab3c2778d13f8cbc0b9a2fb5656d15,0,2021-03-23T15:20:57,83875,affects,cyclicDep,83872,com.sitewhere.devicestate.kafka,7487
sitewhere/,a7ca898667ab3c2778d13f8cbc0b9a2fb5656d15,0,2021-03-23T15:20:57,83877,affects,cyclicDep,83872,com.sitewhere.devicestate.persistence.rdb,7756
sitewhere/,a7ca898667ab3c2778d13f8cbc0b9a2fb5656d15,0,2021-03-23T15:20:57,83876,affects,cyclicDep,83872,com.sitewhere.devicestate.microservice,203
sitewhere/,a7ca898667ab3c2778d13f8cbc0b9a2fb5656d15,0,2021-03-23T15:20:57,83879,affects,cyclicDep,83872,com.sitewhere.devicestate.spi.microservice,6252
sitewhere/,a7ca898667ab3c2778d13f8cbc0b9a2fb5656d15,0,2021-03-23T15:20:57,83878,affects,cyclicDep,83872,com.sitewhere.devicestate.configuration,2197
sitewhere/,a7ca898667ab3c2778d13f8cbc0b9a2fb5656d15,0,2021-03-23T15:20:57,83887,affects,cyclicDep,83883,com.sitewhere.devicestate.persistence.rdb,7756
sitewhere/,a7ca898667ab3c2778d13f8cbc0b9a2fb5656d15,0,2021-03-23T15:20:57,83886,affects,cyclicDep,83883,com.sitewhere.devicestate.microservice,203
sitewhere/,a7ca898667ab3c2778d13f8cbc0b9a2fb5656d15,0,2021-03-23T15:20:57,83889,affects,cyclicDep,83883,com.sitewhere.devicestate.spi.microservice,6252
sitewhere/,a7ca898667ab3c2778d13f8cbc0b9a2fb5656d15,0,2021-03-23T15:20:57,83888,affects,cyclicDep,83883,com.sitewhere.devicestate.configuration,2197
sitewhere/,a7ca898667ab3c2778d13f8cbc0b9a2fb5656d15,0,2021-03-23T15:20:57,83897,affects,cyclicDep,83893,com.sitewhere.devicestate.configuration,2197
sitewhere/,a7ca898667ab3c2778d13f8cbc0b9a2fb5656d15,0,2021-03-23T15:20:57,83896,affects,cyclicDep,83893,com.sitewhere.devicestate.persistence.rdb,7756
sitewhere/,a7ca898667ab3c2778d13f8cbc0b9a2fb5656d15,0,2021-03-23T15:20:57,83898,affects,cyclicDep,83893,com.sitewhere.devicestate.spi.microservice,6252
sitewhere/,a7ca898667ab3c2778d13f8cbc0b9a2fb5656d15,0,2021-03-23T15:20:57,83905,affects,cyclicDep,83902,com.sitewhere.devicestate.configuration,2197
sitewhere/,a7ca898667ab3c2778d13f8cbc0b9a2fb5656d15,0,2021-03-23T15:20:57,83906,affects,cyclicDep,83902,com.sitewhere.devicestate.spi.microservice,6252
sitewhere/,a7ca898667ab3c2778d13f8cbc0b9a2fb5656d15,0,2021-03-23T15:20:57,83921,affects,cyclicDep,83918,com.sitewhere.event.configuration.providers,1948
sitewhere/,a7ca898667ab3c2778d13f8cbc0b9a2fb5656d15,0,2021-03-23T15:20:57,83923,affects,cyclicDep,83918,com.sitewhere.event.spi.microservice,3507
sitewhere/,a7ca898667ab3c2778d13f8cbc0b9a2fb5656d15,0,2021-03-23T15:20:57,83922,affects,cyclicDep,83918,com.sitewhere.event.configuration,1855
sitewhere/,a7ca898667ab3c2778d13f8cbc0b9a2fb5656d15,0,2021-03-23T15:20:57,83931,affects,cyclicDep,83927,com.sitewhere.event.configuration,1855
sitewhere/,a7ca898667ab3c2778d13f8cbc0b9a2fb5656d15,0,2021-03-23T15:20:57,83930,affects,cyclicDep,83927,com.sitewhere.event.persistence.influxdb,5164
sitewhere/,a7ca898667ab3c2778d13f8cbc0b9a2fb5656d15,0,2021-03-23T15:20:57,83932,affects,cyclicDep,83927,com.sitewhere.event.spi.microservice,3507
sitewhere/,a7ca898667ab3c2778d13f8cbc0b9a2fb5656d15,0,2021-03-23T15:20:57,83939,affects,cyclicDep,83936,com.sitewhere.event.persistence.warp10,4544
sitewhere/,a7ca898667ab3c2778d13f8cbc0b9a2fb5656d15,0,2021-03-23T15:20:57,83941,affects,cyclicDep,83936,com.sitewhere.event.spi.microservice,3507
sitewhere/,a7ca898667ab3c2778d13f8cbc0b9a2fb5656d15,0,2021-03-23T15:20:57,83940,affects,cyclicDep,83936,com.sitewhere.event.configuration,1855
sitewhere/,a7ca898667ab3c2778d13f8cbc0b9a2fb5656d15,0,2021-03-23T15:20:57,83957,affects,cyclicDep,83953,com.sitewhere.inbound.spi.microservice,2945
sitewhere/,a7ca898667ab3c2778d13f8cbc0b9a2fb5656d15,0,2021-03-23T15:20:57,83956,affects,cyclicDep,83953,com.sitewhere.inbound.configuration,7691
sitewhere/,a7ca898667ab3c2778d13f8cbc0b9a2fb5656d15,0,2021-03-23T15:20:57,83965,affects,cyclicDep,83961,com.sitewhere.instance.spi.microservice,1763
sitewhere/,a7ca898667ab3c2778d13f8cbc0b9a2fb5656d15,0,2021-03-23T15:20:57,83964,affects,cyclicDep,83961,com.sitewhere.instance.configuration,4818
sitewhere/,a7ca898667ab3c2778d13f8cbc0b9a2fb5656d15,0,2021-03-23T15:20:57,83973,affects,cyclicDep,83969,com.sitewhere.instance.microservice,4802
sitewhere/,a7ca898667ab3c2778d13f8cbc0b9a2fb5656d15,0,2021-03-23T15:20:57,83972,affects,cyclicDep,83969,com.sitewhere.instance.pipeline,4810
sitewhere/,a7ca898667ab3c2778d13f8cbc0b9a2fb5656d15,0,2021-03-23T15:20:57,83997,affects,cyclicDep,83993,com.sitewhere.media.spi.microservice,416
sitewhere/,a7ca898667ab3c2778d13f8cbc0b9a2fb5656d15,0,2021-03-23T15:20:57,83996,affects,cyclicDep,83993,com.sitewhere.media.configuration,4243
sitewhere/,a7ca898667ab3c2778d13f8cbc0b9a2fb5656d15,0,2021-03-23T15:20:57,84021,affects,cyclicDep,84017,com.sitewhere.schedule.configuration,5837
sitewhere/,a7ca898667ab3c2778d13f8cbc0b9a2fb5656d15,0,2021-03-23T15:20:57,84020,affects,cyclicDep,84017,com.sitewhere.schedule.persistence.rdb,7159
sitewhere/,a7ca898667ab3c2778d13f8cbc0b9a2fb5656d15,0,2021-03-23T15:20:57,84022,affects,cyclicDep,84017,com.sitewhere.schedule.spi.microservice,1746
sitewhere/,a7ca898667ab3c2778d13f8cbc0b9a2fb5656d15,0,2021-03-23T15:20:57,84029,affects,cyclicDep,84026,com.sitewhere.schedule.configuration,5837
sitewhere/,a7ca898667ab3c2778d13f8cbc0b9a2fb5656d15,0,2021-03-23T15:20:57,84030,affects,cyclicDep,84026,com.sitewhere.schedule.spi.microservice,1746
sitewhere/,a7ca898667ab3c2778d13f8cbc0b9a2fb5656d15,0,2021-03-23T15:20:57,84037,affects,cyclicDep,84034,com.sitewhere.search.configuration,4891
sitewhere/,a7ca898667ab3c2778d13f8cbc0b9a2fb5656d15,0,2021-03-23T15:20:57,84038,affects,cyclicDep,84034,com.sitewhere.search.spi.microservice,119
sitewhere/,a7ca898667ab3c2778d13f8cbc0b9a2fb5656d15,0,2021-03-23T15:20:57,84045,affects,cyclicDep,84042,com.sitewhere.sources.decoder.json,1611
sitewhere/,a7ca898667ab3c2778d13f8cbc0b9a2fb5656d15,0,2021-03-23T15:20:57,84046,affects,cyclicDep,84042,com.sitewhere.sources,2156
sitewhere/,a7ca898667ab3c2778d13f8cbc0b9a2fb5656d15,0,2021-03-23T15:20:57,84053,affects,cyclicDep,84050,com.sitewhere.sources.manager,8538
sitewhere/,a7ca898667ab3c2778d13f8cbc0b9a2fb5656d15,0,2021-03-23T15:20:57,84055,affects,cyclicDep,84050,com.sitewhere.sources.spi.microservice,3653
sitewhere/,a7ca898667ab3c2778d13f8cbc0b9a2fb5656d15,0,2021-03-23T15:20:57,84054,affects,cyclicDep,84050,com.sitewhere.sources.configuration,3229
sitewhere/,a7ca898667ab3c2778d13f8cbc0b9a2fb5656d15,0,2021-03-23T15:20:57,84056,affects,cyclicDep,84050,com.sitewhere.sources,2156
sitewhere/,a7ca898667ab3c2778d13f8cbc0b9a2fb5656d15,0,2021-03-23T15:20:57,84063,affects,cyclicDep,84060,com.sitewhere.sources.activemq,8792
sitewhere/,a7ca898667ab3c2778d13f8cbc0b9a2fb5656d15,0,2021-03-23T15:20:57,84065,affects,cyclicDep,84060,com.sitewhere.sources.configuration,3229
sitewhere/,a7ca898667ab3c2778d13f8cbc0b9a2fb5656d15,0,2021-03-23T15:20:57,84064,affects,cyclicDep,84060,com.sitewhere.sources.manager,8538
sitewhere/,a7ca898667ab3c2778d13f8cbc0b9a2fb5656d15,0,2021-03-23T15:20:57,84067,affects,cyclicDep,84060,com.sitewhere.sources,2156
sitewhere/,a7ca898667ab3c2778d13f8cbc0b9a2fb5656d15,0,2021-03-23T15:20:57,84066,affects,cyclicDep,84060,com.sitewhere.sources.spi.microservice,3653
sitewhere/,a7ca898667ab3c2778d13f8cbc0b9a2fb5656d15,0,2021-03-23T15:20:57,84075,affects,cyclicDep,84071,com.sitewhere.sources.configuration.eventsource.activemq,2603
sitewhere/,a7ca898667ab3c2778d13f8cbc0b9a2fb5656d15,0,2021-03-23T15:20:57,84074,affects,cyclicDep,84071,com.sitewhere.sources.configuration.eventsource,3318
sitewhere/,a7ca898667ab3c2778d13f8cbc0b9a2fb5656d15,0,2021-03-23T15:20:57,84077,affects,cyclicDep,84071,com.sitewhere.sources.manager,8538
sitewhere/,a7ca898667ab3c2778d13f8cbc0b9a2fb5656d15,0,2021-03-23T15:20:57,84076,affects,cyclicDep,84071,com.sitewhere.sources.activemq,8792
sitewhere/,a7ca898667ab3c2778d13f8cbc0b9a2fb5656d15,0,2021-03-23T15:20:57,84078,affects,cyclicDep,84071,com.sitewhere.sources.configuration,3229
sitewhere/,a7ca898667ab3c2778d13f8cbc0b9a2fb5656d15,0,2021-03-23T15:20:57,84085,affects,cyclicDep,84082,com.sitewhere.sources.azure,5962
sitewhere/,a7ca898667ab3c2778d13f8cbc0b9a2fb5656d15,0,2021-03-23T15:20:57,84087,affects,cyclicDep,84082,com.sitewhere.sources.configuration,3229
sitewhere/,a7ca898667ab3c2778d13f8cbc0b9a2fb5656d15,0,2021-03-23T15:20:57,84086,affects,cyclicDep,84082,com.sitewhere.sources.manager,8538
sitewhere/,a7ca898667ab3c2778d13f8cbc0b9a2fb5656d15,0,2021-03-23T15:20:57,84089,affects,cyclicDep,84082,com.sitewhere.sources,2156
sitewhere/,a7ca898667ab3c2778d13f8cbc0b9a2fb5656d15,0,2021-03-23T15:20:57,84088,affects,cyclicDep,84082,com.sitewhere.sources.spi.microservice,3653
sitewhere/,a7ca898667ab3c2778d13f8cbc0b9a2fb5656d15,0,2021-03-23T15:20:57,84097,affects,cyclicDep,84093,com.sitewhere.sources.manager,8538
sitewhere/,a7ca898667ab3c2778d13f8cbc0b9a2fb5656d15,0,2021-03-23T15:20:57,84096,affects,cyclicDep,84093,com.sitewhere.sources.coap,8381
sitewhere/,a7ca898667ab3c2778d13f8cbc0b9a2fb5656d15,0,2021-03-23T15:20:57,84099,affects,cyclicDep,84093,com.sitewhere.sources.spi.microservice,3653
sitewhere/,a7ca898667ab3c2778d13f8cbc0b9a2fb5656d15,0,2021-03-23T15:20:57,84098,affects,cyclicDep,84093,com.sitewhere.sources.configuration,3229
sitewhere/,a7ca898667ab3c2778d13f8cbc0b9a2fb5656d15,0,2021-03-23T15:20:57,84100,affects,cyclicDep,84093,com.sitewhere.sources,2156
sitewhere/,a7ca898667ab3c2778d13f8cbc0b9a2fb5656d15,0,2021-03-23T15:20:57,84107,affects,cyclicDep,84104,com.sitewhere.sources.decoder.coap,1595
sitewhere/,a7ca898667ab3c2778d13f8cbc0b9a2fb5656d15,0,2021-03-23T15:20:57,84109,affects,cyclicDep,84104,com.sitewhere.sources.manager,8538
sitewhere/,a7ca898667ab3c2778d13f8cbc0b9a2fb5656d15,0,2021-03-23T15:20:57,84108,affects,cyclicDep,84104,com.sitewhere.sources.coap,8381
sitewhere/,a7ca898667ab3c2778d13f8cbc0b9a2fb5656d15,0,2021-03-23T15:20:57,84111,affects,cyclicDep,84104,com.sitewhere.sources.spi.microservice,3653
sitewhere/,a7ca898667ab3c2778d13f8cbc0b9a2fb5656d15,0,2021-03-23T15:20:57,84110,affects,cyclicDep,84104,com.sitewhere.sources.configuration,3229
sitewhere/,a7ca898667ab3c2778d13f8cbc0b9a2fb5656d15,0,2021-03-23T15:20:57,84112,affects,cyclicDep,84104,com.sitewhere.sources,2156
sitewhere/,a7ca898667ab3c2778d13f8cbc0b9a2fb5656d15,0,2021-03-23T15:20:57,84127,affects,cyclicDep,84124,com.sitewhere.sources.decoder,1522
sitewhere/,a7ca898667ab3c2778d13f8cbc0b9a2fb5656d15,0,2021-03-23T15:20:57,84129,affects,cyclicDep,84124,com.sitewhere.sources.configuration,3229
sitewhere/,a7ca898667ab3c2778d13f8cbc0b9a2fb5656d15,0,2021-03-23T15:20:57,84128,affects,cyclicDep,84124,com.sitewhere.sources.manager,8538
sitewhere/,a7ca898667ab3c2778d13f8cbc0b9a2fb5656d15,0,2021-03-23T15:20:57,84130,affects,cyclicDep,84124,com.sitewhere.sources.spi.microservice,3653
sitewhere/,a7ca898667ab3c2778d13f8cbc0b9a2fb5656d15,0,2021-03-23T15:20:57,84137,affects,cyclicDep,84134,com.sitewhere.sources.decoder.protobuf,1587
sitewhere/,a7ca898667ab3c2778d13f8cbc0b9a2fb5656d15,0,2021-03-23T15:20:57,84139,affects,cyclicDep,84134,com.sitewhere.sources.configuration,3229
sitewhere/,a7ca898667ab3c2778d13f8cbc0b9a2fb5656d15,0,2021-03-23T15:20:57,84138,affects,cyclicDep,84134,com.sitewhere.sources.manager,8538
sitewhere/,a7ca898667ab3c2778d13f8cbc0b9a2fb5656d15,0,2021-03-23T15:20:57,84141,affects,cyclicDep,84134,com.sitewhere.sources,2156
sitewhere/,a7ca898667ab3c2778d13f8cbc0b9a2fb5656d15,0,2021-03-23T15:20:57,84140,affects,cyclicDep,84134,com.sitewhere.sources.spi.microservice,3653
sitewhere/,a7ca898667ab3c2778d13f8cbc0b9a2fb5656d15,0,2021-03-23T15:20:57,84149,affects,cyclicDep,84145,com.sitewhere.sources.manager,8538
sitewhere/,a7ca898667ab3c2778d13f8cbc0b9a2fb5656d15,0,2021-03-23T15:20:57,84148,affects,cyclicDep,84145,com.sitewhere.sources.rabbitmq,2468
sitewhere/,a7ca898667ab3c2778d13f8cbc0b9a2fb5656d15,0,2021-03-23T15:20:57,84151,affects,cyclicDep,84145,com.sitewhere.sources.spi.microservice,3653
sitewhere/,a7ca898667ab3c2778d13f8cbc0b9a2fb5656d15,0,2021-03-23T15:20:57,84150,affects,cyclicDep,84145,com.sitewhere.sources.configuration,3229
sitewhere/,a7ca898667ab3c2778d13f8cbc0b9a2fb5656d15,0,2021-03-23T15:20:57,84152,affects,cyclicDep,84145,com.sitewhere.sources,2156
sitewhere/,a7ca898667ab3c2778d13f8cbc0b9a2fb5656d15,0,2021-03-23T15:20:57,84167,affects,cyclicDep,84164,com.sitewhere.commands.spi.ICommandDeliveryParameterExtractor,360
sitewhere/,a7ca898667ab3c2778d13f8cbc0b9a2fb5656d15,0,2021-03-23T15:20:57,84168,affects,cyclicDep,84164,com.sitewhere.commands.spi.ICommandDestination,368
sitewhere/,a7ca898667ab3c2778d13f8cbc0b9a2fb5656d15,0,2021-03-23T15:20:57,84175,affects,cyclicDep,84172,com.sitewhere.connectors.configuration.connector.OutboundConnectorStringLookup,6577
sitewhere/,a7ca898667ab3c2778d13f8cbc0b9a2fb5656d15,0,2021-03-23T15:20:57,84176,affects,cyclicDep,84172,com.sitewhere.connectors.configuration.connector.OutboundConnectorConfiguration,6570
sitewhere/,a7ca898667ab3c2778d13f8cbc0b9a2fb5656d15,0,2021-03-23T15:20:57,84183,affects,cyclicDep,84180,com.sitewhere.device.microservice.DeviceManagementTenantEngine,9116
sitewhere/,a7ca898667ab3c2778d13f8cbc0b9a2fb5656d15,0,2021-03-23T15:20:57,84185,affects,cyclicDep,84180,com.sitewhere.device.persistence.rdb.RdbDeviceManagement,1109
sitewhere/,a7ca898667ab3c2778d13f8cbc0b9a2fb5656d15,0,2021-03-23T15:20:57,84184,affects,cyclicDep,84180,com.sitewhere.device.microservice.DeviceManagementMicroservice,3020
sitewhere/,a7ca898667ab3c2778d13f8cbc0b9a2fb5656d15,0,2021-03-23T15:20:57,84186,affects,cyclicDep,84180,com.sitewhere.device.configuration.DeviceManagementTenantEngineModule,1102
sitewhere/,a7ca898667ab3c2778d13f8cbc0b9a2fb5656d15,0,2021-03-23T15:20:57,84193,affects,cyclicDep,84190,com.sitewhere.device.persistence.rdb.entity.RdbAreaBoundary,1404
sitewhere/,a7ca898667ab3c2778d13f8cbc0b9a2fb5656d15,0,2021-03-23T15:20:57,84194,affects,cyclicDep,84190,com.sitewhere.device.persistence.rdb.entity.RdbArea,1303
sitewhere/,a7ca898667ab3c2778d13f8cbc0b9a2fb5656d15,0,2021-03-23T15:20:57,84249,affects,cyclicDep,84246,com.sitewhere.device.persistence.rdb.entity.RdbDevice,1225
sitewhere/,a7ca898667ab3c2778d13f8cbc0b9a2fb5656d15,0,2021-03-23T15:20:57,84251,affects,cyclicDep,84246,com.sitewhere.device.persistence.rdb.entity.RdbDeviceSlot,1236
sitewhere/,a7ca898667ab3c2778d13f8cbc0b9a2fb5656d15,0,2021-03-23T15:20:57,84250,affects,cyclicDep,84246,com.sitewhere.device.persistence.rdb.entity.RdbDeviceUnit,1242
sitewhere/,a7ca898667ab3c2778d13f8cbc0b9a2fb5656d15,0,2021-03-23T15:20:57,84253,affects,cyclicDep,84246,com.sitewhere.device.persistence.rdb.entity.RdbDeviceType,1267
sitewhere/,a7ca898667ab3c2778d13f8cbc0b9a2fb5656d15,0,2021-03-23T15:20:57,84252,affects,cyclicDep,84246,com.sitewhere.device.persistence.rdb.entity.RdbDeviceElementSchema,1250
sitewhere/,a7ca898667ab3c2778d13f8cbc0b9a2fb5656d15,0,2021-03-23T15:20:57,84277,affects,cyclicDep,84273,com.sitewhere.device.persistence.rdb.entity.RdbDeviceAssignmentSummary,1435
sitewhere/,a7ca898667ab3c2778d13f8cbc0b9a2fb5656d15,0,2021-03-23T15:20:57,84276,affects,cyclicDep,84273,com.sitewhere.device.persistence.rdb.entity.RdbDeviceSummary,1429
sitewhere/,a7ca898667ab3c2778d13f8cbc0b9a2fb5656d15,0,2021-03-23T15:20:57,84285,affects,cyclicDep,84281,com.sitewhere.device.persistence.rdb.entity.RdbZone,1325
sitewhere/,a7ca898667ab3c2778d13f8cbc0b9a2fb5656d15,0,2021-03-23T15:20:57,84284,affects,cyclicDep,84281,com.sitewhere.device.persistence.rdb.entity.RdbZoneBoundary,1319
sitewhere/,a7ca898667ab3c2778d13f8cbc0b9a2fb5656d15,0,2021-03-23T15:20:57,84293,affects,cyclicDep,84289,com.sitewhere.devicestate.microservice.DeviceStateMicroservice,209
sitewhere/,a7ca898667ab3c2778d13f8cbc0b9a2fb5656d15,0,2021-03-23T15:20:57,84292,affects,cyclicDep,84289,com.sitewhere.devicestate.microservice.DeviceStateTenantEngine,255
sitewhere/,a7ca898667ab3c2778d13f8cbc0b9a2fb5656d15,0,2021-03-23T15:20:57,84295,affects,cyclicDep,84289,com.sitewhere.devicestate.configuration.DeviceStateTenantEngineModule,276
sitewhere/,a7ca898667ab3c2778d13f8cbc0b9a2fb5656d15,0,2021-03-23T15:20:57,84294,affects,cyclicDep,84289,com.sitewhere.devicestate.persistence.rdb.RdbDeviceStateManagement,2204
sitewhere/,a7ca898667ab3c2778d13f8cbc0b9a2fb5656d15,0,2021-03-23T15:20:57,84375,affects,cyclicDep,84371,com.sitewhere.instance.microservice.InstanceBootstrapper,6630
sitewhere/,a7ca898667ab3c2778d13f8cbc0b9a2fb5656d15,0,2021-03-23T15:20:57,84374,affects,cyclicDep,84371,com.sitewhere.instance.microservice.InstanceManagementMicroservice,4412
sitewhere/,a7ca898667ab3c2778d13f8cbc0b9a2fb5656d15,0,2021-03-23T15:20:57,84383,affects,cyclicDep,84379,com.sitewhere.instance.microservice.InstanceManagementTenantEngine,6621
sitewhere/,a7ca898667ab3c2778d13f8cbc0b9a2fb5656d15,0,2021-03-23T15:20:57,84382,affects,cyclicDep,84379,com.sitewhere.instance.pipeline.PipelineLogMonitor,6646
sitewhere/,a7ca898667ab3c2778d13f8cbc0b9a2fb5656d15,0,2021-03-23T15:20:57,84391,affects,cyclicDep,84387,com.sitewhere.sources.spi.IInboundEventSource,3579
sitewhere/,a7ca898667ab3c2778d13f8cbc0b9a2fb5656d15,0,2021-03-23T15:20:57,84390,affects,cyclicDep,84387,com.sitewhere.sources.spi.IInboundEventReceiver,1996
sitewhere/,a7ca898667ab3c2778d13f8cbc0b9a2fb5656d15,0,2021-03-23T15:20:57,84415,affects,cyclicDep,84411,com.sitewhere.commands.configuration,2419
sitewhere/,a7ca898667ab3c2778d13f8cbc0b9a2fb5656d15,0,2021-03-23T15:20:57,84414,affects,cyclicDep,84411,com.sitewhere.commands.configuration.destinations,128
sitewhere/,a7ca898667ab3c2778d13f8cbc0b9a2fb5656d15,0,2021-03-23T15:20:57,84417,affects,cyclicDep,84411,com.sitewhere.commands.manager,2375
sitewhere/,a7ca898667ab3c2778d13f8cbc0b9a2fb5656d15,0,2021-03-23T15:20:57,84416,affects,cyclicDep,84411,com.sitewhere.commands.configuration.extractors,2796
sitewhere/,a7ca898667ab3c2778d13f8cbc0b9a2fb5656d15,0,2021-03-23T15:20:57,84425,affects,cyclicDep,84421,com.sitewhere.devicestate.persistence.rdb.entity.RdbRecentAlertEvent,80
sitewhere/,a7ca898667ab3c2778d13f8cbc0b9a2fb5656d15,0,2021-03-23T15:20:57,84424,affects,cyclicDep,84421,com.sitewhere.devicestate.persistence.rdb.entity.RdbDeviceState,58
sitewhere/,a7ca898667ab3c2778d13f8cbc0b9a2fb5656d15,0,2021-03-23T15:20:57,84427,affects,cyclicDep,84421,com.sitewhere.devicestate.persistence.rdb.entity.RdbRecentMeasurementEvent,72
sitewhere/,a7ca898667ab3c2778d13f8cbc0b9a2fb5656d15,0,2021-03-23T15:20:57,84426,affects,cyclicDep,84421,com.sitewhere.devicestate.persistence.rdb.entity.RdbRecentLocationEvent,64
sitewhere/,a7ca898667ab3c2778d13f8cbc0b9a2fb5656d15,0,2021-03-23T15:20:57,84435,affects,cyclicDep,84431,com.sitewhere.event.persistence.influxdb.InfluxDbDeviceEvent,5176
sitewhere/,a7ca898667ab3c2778d13f8cbc0b9a2fb5656d15,0,2021-03-23T15:20:57,84434,affects,cyclicDep,84431,com.sitewhere.event.persistence.influxdb.InfluxDbDeviceAlert,5187
sitewhere/,a7ca898667ab3c2778d13f8cbc0b9a2fb5656d15,0,2021-03-23T15:20:57,84437,affects,cyclicDep,84431,com.sitewhere.event.persistence.influxdb.InfluxDbDeviceCommandResponse,5217
sitewhere/,a7ca898667ab3c2778d13f8cbc0b9a2fb5656d15,0,2021-03-23T15:20:57,84436,affects,cyclicDep,84431,com.sitewhere.event.persistence.influxdb.InfluxDbDeviceCommandInvocation,5207
sitewhere/,a7ca898667ab3c2778d13f8cbc0b9a2fb5656d15,0,2021-03-23T15:20:57,84439,affects,cyclicDep,84431,com.sitewhere.event.persistence.influxdb.InfluxDbDeviceMeasurement,5232
sitewhere/,a7ca898667ab3c2778d13f8cbc0b9a2fb5656d15,0,2021-03-23T15:20:57,84438,affects,cyclicDep,84431,com.sitewhere.event.persistence.influxdb.InfluxDbDeviceLocation,5170
sitewhere/,a7ca898667ab3c2778d13f8cbc0b9a2fb5656d15,0,2021-03-23T15:20:57,84440,affects,cyclicDep,84431,com.sitewhere.event.persistence.influxdb.InfluxDbDeviceStateChange,5197
sitewhere/,a7ca898667ab3c2778d13f8cbc0b9a2fb5656d15,0,2021-03-23T15:20:57,84447,affects,cyclicDep,84444,com.sitewhere.commands.configuration.destinations,128
sitewhere/,a7ca898667ab3c2778d13f8cbc0b9a2fb5656d15,0,2021-03-23T15:20:57,84449,affects,cyclicDep,84444,com.sitewhere.commands.configuration.router,1628
sitewhere/,a7ca898667ab3c2778d13f8cbc0b9a2fb5656d15,0,2021-03-23T15:20:57,84448,affects,cyclicDep,84444,com.sitewhere.commands.configuration,2419
sitewhere/,a7ca898667ab3c2778d13f8cbc0b9a2fb5656d15,0,2021-03-23T15:20:57,84450,affects,cyclicDep,84444,com.sitewhere.commands.spi.microservice,2683
sitewhere/,a7ca898667ab3c2778d13f8cbc0b9a2fb5656d15,0,2021-03-23T15:20:57,84457,affects,cyclicDep,84454,com.sitewhere.sources.manager,8538
sitewhere/,a7ca898667ab3c2778d13f8cbc0b9a2fb5656d15,0,2021-03-23T15:20:57,84459,affects,cyclicDep,84454,com.sitewhere.sources.spi.microservice,3653
sitewhere/,a7ca898667ab3c2778d13f8cbc0b9a2fb5656d15,0,2021-03-23T15:20:57,84458,affects,cyclicDep,84454,com.sitewhere.sources.configuration,3229
sitewhere/,a7ca898667ab3c2778d13f8cbc0b9a2fb5656d15,0,2021-03-23T15:20:57,84467,affects,cyclicDep,84463,com.sitewhere.device.persistence.rdb.entity.RdbDevice,1225
sitewhere/,a7ca898667ab3c2778d13f8cbc0b9a2fb5656d15,0,2021-03-23T15:20:57,84466,affects,cyclicDep,84463,com.sitewhere.device.persistence.rdb.entity.RdbDeviceElementMapping,1360
sitewhere/,a7ca898667ab3c2778d13f8cbc0b9a2fb5656d15,0,2021-03-23T15:20:57,84469,affects,cyclicDep,84463,com.sitewhere.device.persistence.rdb.entity.RdbDeviceGroup,1217
sitewhere/,a7ca898667ab3c2778d13f8cbc0b9a2fb5656d15,0,2021-03-23T15:20:57,84468,affects,cyclicDep,84463,com.sitewhere.device.persistence.rdb.entity.RdbDeviceGroupElement,1211
sitewhere/,a7ca898667ab3c2778d13f8cbc0b9a2fb5656d15,0,2021-03-23T15:20:57,84477,affects,cyclicDep,84473,com.sitewhere.labels.configuration,3157
sitewhere/,a7ca898667ab3c2778d13f8cbc0b9a2fb5656d15,0,2021-03-23T15:20:57,84476,affects,cyclicDep,84473,com.sitewhere.labels.manager,3133
sitewhere/,a7ca898667ab3c2778d13f8cbc0b9a2fb5656d15,0,2021-03-23T15:20:57,84478,affects,cyclicDep,84473,com.sitewhere.labels.spi.microservice,5621
sitewhere/,a7ca898667ab3c2778d13f8cbc0b9a2fb5656d15,0,2021-03-23T15:20:57,84485,affects,cyclicDep,84482,com.sitewhere.batch.configuration.manager,5587
sitewhere/,a7ca898667ab3c2778d13f8cbc0b9a2fb5656d15,0,2021-03-23T15:20:57,84487,affects,cyclicDep,84482,com.sitewhere.batch.spi.microservice,3365
sitewhere/,a7ca898667ab3c2778d13f8cbc0b9a2fb5656d15,0,2021-03-23T15:20:57,84486,affects,cyclicDep,84482,com.sitewhere.batch.configuration,4753
sitewhere/,a7ca898667ab3c2778d13f8cbc0b9a2fb5656d15,0,2021-03-23T15:20:57,84495,affects,cyclicDep,84491,com.sitewhere.device.persistence.rdb.entity.RdbDeviceSlot,1236
sitewhere/,a7ca898667ab3c2778d13f8cbc0b9a2fb5656d15,0,2021-03-23T15:20:57,84494,affects,cyclicDep,84491,com.sitewhere.device.persistence.rdb.entity.RdbDeviceElementSchema,1250
sitewhere/,a7ca898667ab3c2778d13f8cbc0b9a2fb5656d15,0,2021-03-23T15:20:57,84496,affects,cyclicDep,84491,com.sitewhere.device.persistence.rdb.entity.RdbDeviceUnit,1242
sitewhere/,a7ca898667ab3c2778d13f8cbc0b9a2fb5656d15,0,2021-03-23T15:20:57,84503,affects,cyclicDep,84500,com.sitewhere.device.persistence.rdb.entity.RdbCommandParameter,1379
sitewhere/,a7ca898667ab3c2778d13f8cbc0b9a2fb5656d15,0,2021-03-23T15:20:57,84505,affects,cyclicDep,84500,com.sitewhere.device.persistence.rdb.entity.RdbDeviceType,1267
sitewhere/,a7ca898667ab3c2778d13f8cbc0b9a2fb5656d15,0,2021-03-23T15:20:57,84504,affects,cyclicDep,84500,com.sitewhere.device.persistence.rdb.entity.RdbDeviceCommand,1372
sitewhere/,a7ca898667ab3c2778d13f8cbc0b9a2fb5656d15,0,2021-03-23T15:20:57,84506,affects,cyclicDep,84500,com.sitewhere.device.persistence.rdb.entity.RdbDeviceStatus,1261
sitewhere/,a7ca898667ab3c2778d13f8cbc0b9a2fb5656d15,0,2021-03-23T15:20:57,84513,affects,cyclicDep,84510,com.sitewhere.registration,2148
sitewhere/,a7ca898667ab3c2778d13f8cbc0b9a2fb5656d15,0,2021-03-23T15:20:57,84515,affects,cyclicDep,84510,com.sitewhere.registration.spi.microservice,582
sitewhere/,a7ca898667ab3c2778d13f8cbc0b9a2fb5656d15,0,2021-03-23T15:20:57,84514,affects,cyclicDep,84510,com.sitewhere.registration.configuration,5541
sitewhere/,a7ca898667ab3c2778d13f8cbc0b9a2fb5656d15,0,2021-03-23T15:20:57,84523,affects,cyclicDep,84519,com.sitewhere.connectors.configuration,5867
sitewhere/,a7ca898667ab3c2778d13f8cbc0b9a2fb5656d15,0,2021-03-23T15:20:57,84522,affects,cyclicDep,84519,com.sitewhere.connectors.manager,6136
sitewhere/,a7ca898667ab3c2778d13f8cbc0b9a2fb5656d15,0,2021-03-23T15:20:57,84524,affects,cyclicDep,84519,com.sitewhere.connectors.spi.microservice,3178
sitewhere/,a7ca898667ab3c2778d13f8cbc0b9a2fb5656d15,0,2021-03-23T15:20:57,84531,affects,cyclicDep,84528,com.sitewhere.web.rest.controllers.Areas,9484
sitewhere/,a7ca898667ab3c2778d13f8cbc0b9a2fb5656d15,0,2021-03-23T15:20:57,84533,affects,cyclicDep,84528,com.sitewhere.web.rest.controllers.Customers,9492
sitewhere/,a7ca898667ab3c2778d13f8cbc0b9a2fb5656d15,0,2021-03-23T15:20:57,84532,affects,cyclicDep,84528,com.sitewhere.web.rest.controllers.Assignments,9478
sitewhere/,a7ca898667ab3c2778d13f8cbc0b9a2fb5656d15,0,2021-03-23T15:20:57,84541,affects,cyclicDep,84537,com.sitewhere.event.configuration,1855
sitewhere/,a7ca898667ab3c2778d13f8cbc0b9a2fb5656d15,0,2021-03-23T15:20:57,84540,affects,cyclicDep,84537,com.sitewhere.event.configuration.providers,1948
sitewhere/,a7ca898667ab3c2778d13f8cbc0b9a2fb5656d15,0,2021-03-23T15:20:57,84542,affects,cyclicDep,84537,com.sitewhere.event.spi.microservice,3507
sitewhere/,a7ca898667ab3c2778d13f8cbc0b9a2fb5656d15,0,2021-03-23T15:20:57,36310,affects,hubLikeDep,36307,com.sitewhere.commands.spi.microservice.ICommandDeliveryTenantEngine,2285
sitewhere/,a7ca898667ab3c2778d13f8cbc0b9a2fb5656d15,0,2021-03-23T15:20:57,36332,affects,unstableDep,36329,com.sitewhere.event.configuration,1855
sitewhere/,a7ca898667ab3c2778d13f8cbc0b9a2fb5656d15,0,2021-03-23T15:20:57,36343,affects,wideHierarchy,36340,com.sitewhere.commands.spi.ICommandExecutionEncoder,344
sitewhere/,a7ca898667ab3c2778d13f8cbc0b9a2fb5656d15,0,2021-03-23T15:20:57,36356,affects,wideHierarchy,36353,com.sitewhere.connectors.SerialOutboundConnector,685
sitewhere/,a7ca898667ab3c2778d13f8cbc0b9a2fb5656d15,0,2021-03-23T15:20:57,36373,affects,wideHierarchy,36370,com.sitewhere.event.persistence.cassandra.ICassandraEventBinder,5002
sitewhere/,a7ca898667ab3c2778d13f8cbc0b9a2fb5656d15,0,2021-03-23T15:20:57,36387,affects,wideHierarchy,36384,com.sitewhere.sources.configuration.eventsource.EventSourceConfiguration,1508
sitewhere/,a7ca898667ab3c2778d13f8cbc0b9a2fb5656d15,0,2021-03-23T15:20:57,36401,affects,wideHierarchy,36398,com.sitewhere.sources.spi.IDeviceEventDecoder,1535
sitewhere/,a7ca898667ab3c2778d13f8cbc0b9a2fb5656d15,0,2021-03-23T15:20:57,36420,affects,wideHierarchy,36417,com.sitewhere.sources.InboundEventReceiver,2047
