project,versionId,versionIndex,versionDate,ATDI,ATDI_HOURS,ATDI_WEIGHTED,ATDI_WEIGHTED_HOURS,AffectedClassesRatio,AffectedComponentType,AffectedConstructType,AffectedElements,AfferentAffectedRatio,CentralComponent,EfferentAffectedRatio,InstabilityGap,LOCDensity,MeanContTreeDepth,MeanContTreeDistance,NumberOfEdges,PageRankWeighted,PageRankWeightedRanking,SMELL_EDGES_IDS,Severity,Shape,Size,SmellExtent,SmellExtentByWeight,StDContTreeDepth,StDContTreeDistance,Strength,ThresholdValueUsed,TotalDependenciesCount,TotalNumberOfChanges,smellType,vertexId,vertexLabel
sitewhere/,a7ca898667ab3c2778d13f8cbc0b9a2fb5656d15,0,2021-03-23T15:20:57,57.43810002142482,10.453734203899318,57.43810002142482,10.453734203899318,0.0,UNIT,INTERFACE,"[com.sitewhere.commands.kafka.CommandInvocationsProcessorSupplier, com.sitewhere.commands.spi.kafka.IUndeliveredCommandInvocationsProducer, com.sitewhere.commands.microservice.CommandDeliveryTenantEngine, com.sitewhere.commands.DefaultCommandProcessingStrategy, com.sitewhere.commands.spi.microservice.ICommandDeliveryTenantEngine, com.sitewhere.commands.routing.DeviceTypeMappingCommandRouter, com.sitewhere.commands.spi.kafka.IEnrichedCommandInvocationsPipeline, com.sitewhere.commands.routing.SingleChoiceCommandRouter, com.sitewhere.commands.configuration.CommandDeliveryTenantEngineModule, com.sitewhere.commands.spi.IOutboundCommandRouter, com.sitewhere.commands.microservice.CommandDeliveryMicroservice, com.sitewhere.commands.spi.ICommandProcessingStrategy, com.sitewhere.commands.spi.ICommandDestinationsManager, com.sitewhere.commands.scripting.ScriptedCommandRouter, com.sitewhere.commands.spi.microservice.ICommandDeliveryMicroservice, com.sitewhere.commands.configuration.CommandDeliveryTenantConfiguration]",0.0,com.sitewhere.commands.spi.microservice.ICommandDeliveryTenantEngine,0.0,0.0,0.0,4.1875,1.7333333333333334,15,2.7926235493189718E-6,1,"[36311, 36312, 36313, 36314, 36315, 36316, 36317, 36318, 36319, 36320, 36321, 36322, 36323, 36324, 36325]",6.421774807316901,,16,80,80,0.5266343608235224,0.6289320754704403,0.0,15,15,0,hubLikeDep,36307,smell
sitewhere/,a7ca898667ab3c2778d13f8cbc0b9a2fb5656d15,0,2021-03-23T15:20:57,20.149488894620006,3.6672069788208415,8.225994394949211,1.4971309798807566,0.0,CONTAINER,PACKAGE,"[com.sitewhere.event.persistence.influxdb, com.sitewhere.event.configuration.providers, com.sitewhere.event.spi, com.sitewhere.event.configuration, com.sitewhere.event.persistence.warp10]",0.0,com.sitewhere.event.configuration,0.0,0.28846153846153844,0.0,4.6,1.8,4,2.1760748169467662E-5,1,"[36333, 36334, 36335, 36336]",5.816656418671118,,5,12,2,0.4898979485566356,0.8717797887081347,0.8,,,0,unstableDep,36329,smell
sitewhere/,a7ca898667ab3c2778d13f8cbc0b9a2fb5656d15,0,2021-03-23T15:20:57,11.950975707567071,2.175077578777207,11.950975707567071,2.175077578777207,0.0,UNIT,IMPLEMENTATION,"[com.sitewhere.commands.scripting.ScriptedCommandExecutionEncoder, com.sitewhere.commands.encoding.string.JsonStringCommandExecutionEncoder, com.sitewhere.commands.spi.ICommandExecutionEncoder, com.sitewhere.commands.encoding.protobuf.ProtobufExecutionEncoder, com.sitewhere.commands.scripting.ScriptedStringCommandExecutionEncoder, com.sitewhere.commands.encoding.json.JsonCommandExecutionEncoder]",0.0,com.sitewhere.commands.spi.ICommandExecutionEncoder,0.0,0.0,0.0,4.5,1.9333333333333333,5,3.401321768094271E-6,1,"[7313, 924, 5710, 5684, 6355]",5.344638815913724,,5,5,5,0.5,0.24944382578492943,0.0,5,,0,wideHierarchy,36340,smell
sitewhere/,a7ca898667ab3c2778d13f8cbc0b9a2fb5656d15,0,2021-03-23T15:20:57,33.34138906294148,6.068132809455349,33.34138906294148,6.068132809455349,0.0,UNIT,CONCRETE_CLASS,"[com.sitewhere.connectors.aws.sqs.SqsOutboundConnector, com.sitewhere.connectors.SerialOutboundConnector, com.sitewhere.connectors.azure.EventHubOutboundConnector, com.sitewhere.connectors.solr.SolrOutboundConnector, com.sitewhere.connectors.rabbitmq.RabbitMqOutboundConnector, com.sitewhere.connectors.http.HttpOutboundConnector, com.sitewhere.connectors.groovy.ScriptedOutboundConnector, com.sitewhere.connectors.mqtt.MqttOutboundConnector, com.sitewhere.connectors.dweetio.DweetIoOutboundConnector, com.sitewhere.connectors.initialstate.InitialStateOutboundConnector]",0.0,com.sitewhere.connectors.SerialOutboundConnector,0.0,0.0,0.0,4.0,1.9111111111111112,9,1.9303773245556812E-6,1,"[6524, 5273, 8137, 8489, 5370, 7130, 709, 8773, 7623]",5.338895075945943,,9,39,39,0.4472135954999579,0.3541639433446495,0.0,5,,0,wideHierarchy,36353,smell
sitewhere/,a7ca898667ab3c2778d13f8cbc0b9a2fb5656d15,0,2021-03-23T15:20:57,13.70375008083525,2.4940825147120154,13.70375008083525,2.4940825147120154,0.0,UNIT,IMPLEMENTATION,"[com.sitewhere.event.persistence.cassandra.CassandraDeviceCommandResponse, com.sitewhere.event.persistence.cassandra.CassandraDeviceStateChange, com.sitewhere.event.persistence.cassandra.CassandraDeviceCommandInvocation, com.sitewhere.event.persistence.cassandra.CassandraDeviceLocation, com.sitewhere.event.persistence.cassandra.ICassandraEventBinder, com.sitewhere.event.persistence.cassandra.CassandraDeviceMeasurement, com.sitewhere.event.persistence.cassandra.CassandraDeviceAlert]",0.0,com.sitewhere.event.persistence.cassandra.ICassandraEventBinder,0.0,0.0,0.0,5.0,2.0,6,1.7251105519685545E-6,1,"[5091, 5024, 5114, 5010, 5080, 5106]",3.955931899038794,,6,12,12,0.0,0.0,0.0,5,,0,wideHierarchy,36370,smell
sitewhere/,a7ca898667ab3c2778d13f8cbc0b9a2fb5656d15,0,2021-03-23T15:20:57,10.503901681273398,1.9117101059917583,10.503901681273398,1.9117101059917583,0.0,UNIT,ABSTRACTION,"[com.sitewhere.sources.configuration.eventsource.mqtt.MqttConfiguration, com.sitewhere.sources.configuration.eventsource.azure.EventHubConfiguration, com.sitewhere.sources.configuration.eventsource.rabbitmq.RabbitMqConfiguration, com.sitewhere.sources.configuration.eventsource.activemq.ActiveMqBrokerConfiguration, com.sitewhere.sources.configuration.eventsource.EventSourceConfiguration, com.sitewhere.sources.configuration.eventsource.activemq.ActiveMqClientConfiguration, com.sitewhere.sources.configuration.eventsource.coap.CoapServerConfiguration]",0.0,com.sitewhere.sources.configuration.eventsource.EventSourceConfiguration,0.0,0.0,0.0,5.857142857142857,1.7142857142857142,6,3.0816397544277168E-6,1,"[5145, 2616, 8347, 8436, 1516, 2628]",4.288199904580361,,6,6,6,0.3499271061118826,0.6998542122237652,0.0,5,,0,wideHierarchy,36384,smell
sitewhere/,a7ca898667ab3c2778d13f8cbc0b9a2fb5656d15,0,2021-03-23T15:20:57,19.520056679649265,3.5526503156961664,19.520056679649265,3.5526503156961664,0.0,UNIT,IMPLEMENTATION,"[com.sitewhere.sources.decoder.json.JsonStringDeviceRequestDecoder, com.sitewhere.sources.spi.ICompositeDeviceEventDecoder, com.sitewhere.sources.decoder.ScriptedStringEventDecoder, com.sitewhere.sources.spi.IDeviceEventDecoder, com.sitewhere.sources.decoder.protobuf.ProtobufDeviceEventDecoder, com.sitewhere.sources.decoder.coap.CoapJsonDecoder, com.sitewhere.sources.decoder.json.JsonDeviceRequestDecoder, com.sitewhere.sources.decoder.ScriptedJsonDecoder, com.sitewhere.sources.decoder.debug.PayloadLoggerEventDecoder, com.sitewhere.sources.decoder.ScriptedEventDecoder, com.sitewhere.sources.decoder.debug.EchoStringDecoder, com.sitewhere.sources.decoder.json.JsonBatchEventDecoder]",0.0,com.sitewhere.sources.spi.IDeviceEventDecoder,0.0,0.0,0.0,4.583333333333333,1.7878787878787878,11,2.6422315608807555E-6,1,"[1568, 3601, 2755, 1545, 7275, 1582, 7261, 7834, 2661, 2790, 2775]",5.634954989296128,,11,12,12,0.4930066485916347,0.5369710650505863,0.0,5,,0,wideHierarchy,36398,smell
sitewhere/,a7ca898667ab3c2778d13f8cbc0b9a2fb5656d15,0,2021-03-23T15:20:57,14.042847516018098,2.5557982479152934,14.042847516018098,2.5557982479152934,0.0,UNIT,ABSTRACTION,"[com.sitewhere.sources.InboundEventReceiver, com.sitewhere.sources.PollingInboundEventReceiver, com.sitewhere.sources.socket.SocketInboundEventReceiver, com.sitewhere.sources.websocket.WebSocketEventReceiver, com.sitewhere.sources.activemq.ActiveMqClientEventReceiver, com.sitewhere.sources.azure.EventHubInboundEventReceiver, com.sitewhere.sources.coap.CoapServerEventReceiver, com.sitewhere.sources.rabbitmq.RabbitMqInboundEventReceiver, com.sitewhere.sources.activemq.ActiveMqBrokerEventReceiver]",0.0,com.sitewhere.sources.InboundEventReceiver,0.0,0.0,0.0,3.7777777777777777,1.7222222222222223,8,2.564488594053862E-6,1,"[9220, 8980, 2489, 8407, 2056, 5992, 8807, 8800]",3.625847637524552,,8,15,15,0.41573970964154905,0.6916610887771518,0.0,5,,0,wideHierarchy,36417,smell
sitewhere/,a7ca898667ab3c2778d13f8cbc0b9a2fb5656d15,0,2021-03-23T15:20:57,7.365236514715893,1.3404730456782927,5.208008684598381,0.9478575805969053,0.0,CONTAINER,PACKAGE,"[com.sitewhere.asset.spi.microservice, com.sitewhere.asset.persistence.rdb, com.sitewhere.asset.configuration]",0.0,,0.0,0.0,0.0,4.666666666666667,2.3333333333333335,3,2.336101149468219E-5,1,"[10615, 10509, 10541]",3.6826182573579467,CIRCLE,3,4,2,0.4714045207910317,0.4714045207910317,0.0,,,0,cyclicDep,83571,smell
sitewhere/,a7ca898667ab3c2778d13f8cbc0b9a2fb5656d15,0,2021-03-23T15:20:57,12.19574366894006,2.219625347747091,9.446782424883876,1.7193144013288655,0.0,CONTAINER,PACKAGE,"[com.sitewhere.asset.spi.microservice, com.sitewhere.asset.configuration]",0.0,,0.0,0.0,0.0,4.5,2.0,2,2.6902724606765904E-5,1,"[10509, 10614]",5.454102375982532,TINY,2,5,3,0.5,0.0,0.0,,,0,cyclicDep,83580,smell
sitewhere/,a7ca898667ab3c2778d13f8cbc0b9a2fb5656d15,0,2021-03-23T15:20:57,7.148713699192047,1.3010658932529526,5.054903933459865,0.9199925158896956,0.0,CONTAINER,PACKAGE,"[com.sitewhere.batch, com.sitewhere.batch.handler]",0.0,,0.0,0.0,0.0,3.5,0.0,2,1.482944955129623E-5,1,"[10408, 10446]",5.054903933459865,TINY,2,2,1,0.5,0.0,0.0,,,0,cyclicDep,83588,smell
sitewhere/,a7ca898667ab3c2778d13f8cbc0b9a2fb5656d15,0,2021-03-23T15:20:57,18.38846139948943,3.3466999747070765,8.512203583769507,1.5492210522460503,0.0,CONTAINER,PACKAGE,"[com.sitewhere.batch, com.sitewhere.batch.spi.microservice, com.sitewhere.batch.configuration.manager, com.sitewhere.batch.handler, com.sitewhere.batch.configuration]",0.0,,0.0,0.0,0.0,4.2,2.0,5,1.712330619280439E-5,1,"[10554, 10675, 10442, 10408, 10513]",4.914523030486222,CIRCLE,5,14,3,0.7483314773547882,1.2649110640673518,0.0,,,0,cyclicDep,83596,smell
sitewhere/,a7ca898667ab3c2778d13f8cbc0b9a2fb5656d15,0,2021-03-23T15:20:57,16.69634131803564,3.038734119882486,9.639637154449748,1.754413962109854,0.0,CONTAINER,PACKAGE,"[com.sitewhere.batch.persistence.rdb, com.sitewhere.batch, com.sitewhere.batch.spi.microservice, com.sitewhere.batch.persistence, com.sitewhere.batch.handler, com.sitewhere.batch.configuration]",0.0,,0.0,0.0,0.0,4.166666666666667,2.1333333333333333,6,1.5935587485821986E-5,1,"[10703, 10557, 10675, 10442, 10408, 10638]",4.819818577224874,CIRCLE,6,12,4,0.6871842709362768,1.1469767022723503,0.0,,,0,cyclicDep,83615,smell
sitewhere/,a7ca898667ab3c2778d13f8cbc0b9a2fb5656d15,0,2021-03-23T15:20:57,10.060455902477825,1.8310029742509641,4.499172656515882,0.8188494234858905,0.0,CONTAINER,PACKAGE,"[com.sitewhere.batch.persistence.rdb, com.sitewhere.batch.spi.microservice, com.sitewhere.batch.configuration]",0.0,,0.0,0.0,0.0,4.666666666666667,3.0,3,1.8652543953809838E-5,1,"[10557, 10675, 10701]",4.499172656515882,CIRCLE,3,5,1,0.4714045207910317,0.816496580927726,0.0,,,0,cyclicDep,83627,smell
sitewhere/,a7ca898667ab3c2778d13f8cbc0b9a2fb5656d15,0,2021-03-23T15:20:57,19.473702178482462,3.5442137964838083,8.180591196846557,1.4888675978260733,0.0,CONTAINER,PACKAGE,"[com.sitewhere.commands.manager, com.sitewhere.commands.configuration, com.sitewhere.commands.configuration.destinations]",0.0,,0.0,0.0,0.0,4.333333333333333,3.3333333333333335,3,5.98084407423053E-5,1,"[10340, 10694, 10594]",4.723066529629643,CIRCLE,3,17,3,0.4714045207910317,0.9428090415820634,0.0,,,0,cyclicDep,83660,smell
sitewhere/,a7ca898667ab3c2778d13f8cbc0b9a2fb5656d15,0,2021-03-23T15:20:57,19.23805793052534,3.5013265433556118,9.068907479689404,1.6505411613034715,0.0,CONTAINER,PACKAGE,"[com.sitewhere.commands.manager, com.sitewhere.commands.configuration.destinations.coap, com.sitewhere.commands.configuration.destinations]",0.0,,0.0,0.0,0.0,5.0,4.333333333333333,3,4.5952302793758555E-5,1,"[10607, 10340, 10761]",6.41268597684178,CIRCLE,3,9,2,0.816496580927726,1.247219128924647,0.0,,,0,cyclicDep,83677,smell
sitewhere/,a7ca898667ab3c2778d13f8cbc0b9a2fb5656d15,0,2021-03-23T15:20:57,19.23805793052534,3.5013265433556118,9.068907479689404,1.6505411613034715,0.0,CONTAINER,PACKAGE,"[com.sitewhere.commands.manager, com.sitewhere.commands.configuration.destinations.mqtt, com.sitewhere.commands.configuration.destinations]",0.0,,0.0,0.0,0.0,5.0,4.333333333333333,3,4.5952302793758555E-5,1,"[10608, 10340, 10655]",6.41268597684178,CIRCLE,3,9,2,0.816496580927726,1.247219128924647,0.0,,,0,cyclicDep,83686,smell
sitewhere/,a7ca898667ab3c2778d13f8cbc0b9a2fb5656d15,0,2021-03-23T15:20:57,20.034069511531932,3.6462006510988116,9.192261518803889,1.6729915964223077,0.0,CONTAINER,PACKAGE,"[com.sitewhere.commands.manager, com.sitewhere.commands.destination.coap, com.sitewhere.commands.destination, com.sitewhere.commands.configuration.destinations]",0.0,,0.0,0.0,0.0,4.5,2.8333333333333335,4,3.745588867449504E-5,1,"[10563, 10598, 10340, 10435]",4.5961307594019445,CIRCLE,4,19,4,0.5,0.8975274678557507,0.0,,,0,cyclicDep,83695,smell
sitewhere/,a7ca898667ab3c2778d13f8cbc0b9a2fb5656d15,0,2021-03-23T15:20:57,11.921496419467735,2.1697123483431278,7.539816360612027,1.372246577631389,0.0,CONTAINER,PACKAGE,"[com.sitewhere.commands.configuration.router, com.sitewhere.commands.configuration.router.devicetypemapping]",0.0,,0.0,0.0,0.0,5.5,0.0,2,2.5055035562861703E-5,1,"[10642, 10527]",5.33145527749004,TINY,2,5,2,0.5,0.0,0.0,,,0,cyclicDep,83721,smell
sitewhere/,a7ca898667ab3c2778d13f8cbc0b9a2fb5656d15,0,2021-03-23T15:20:57,15.014587300014421,2.7326548886026245,10.616916496557613,1.9322788023734854,0.0,CONTAINER,PACKAGE,"[com.sitewhere.commands.configuration.router, com.sitewhere.commands.configuration.router.devicetypemapping, com.sitewhere.commands.routing]",0.0,,0.0,0.0,0.0,5.0,2.3333333333333335,3,2.1907292028372467E-5,1,"[10642, 10623, 10529]",4.748029399548346,CIRCLE,3,10,5,0.816496580927726,1.699673171197595,0.0,,,0,cyclicDep,83729,smell
sitewhere/,a7ca898667ab3c2778d13f8cbc0b9a2fb5656d15,0,2021-03-23T15:20:57,10.416017369196762,1.8957151611938106,6.378481926624723,1.1608837106456995,0.0,CONTAINER,PACKAGE,"[com.sitewhere.connectors.configuration, com.sitewhere.connectors.manager, com.sitewhere.connectors.configuration.connector]",0.0,,0.0,0.0,0.0,4.333333333333333,2.0,3,2.4067116669503196E-5,1,"[10629, 10537, 10590]",3.6826182573579467,CIRCLE,3,8,3,0.4714045207910317,0.0,0.0,,,0,cyclicDep,83746,smell
sitewhere/,a7ca898667ab3c2778d13f8cbc0b9a2fb5656d15,0,2021-03-23T15:20:57,19.935495322574905,3.6282601487086326,16.490047490968088,3.0011886433561923,0.0,CONTAINER,PACKAGE,"[com.sitewhere.connectors.spi.microservice, com.sitewhere.connectors.configuration, com.sitewhere.connectors.mqtt, com.sitewhere.connectors.manager, com.sitewhere.connectors]",0.0,,0.0,0.0,0.0,4.0,1.7,5,3.209048101131862E-5,1,"[10626, 10537, 10679, 10550, 10421]",4.573516289501673,CIRCLE,5,19,13,0.6324555320336759,0.6403124237432849,0.0,,,0,cyclicDep,83755,smell
sitewhere/,a7ca898667ab3c2778d13f8cbc0b9a2fb5656d15,0,2021-03-23T15:20:57,51.45378494219596,9.364588859479664,21.147375343811646,3.8488223125737195,0.0,CONTAINER,PACKAGE,"[com.sitewhere.device.persistence.rdb, com.sitewhere.device.configuration, com.sitewhere.device, com.sitewhere.device.spi.microservice]",0.0,,0.0,0.0,0.0,4.25,1.6666666666666667,4,1.5797612554011415E-5,1,"[10475, 10401, 10324, 10665]",4.229475068762329,CIRCLE,4,148,25,0.82915619758885,0.9428090415820634,0.0,,,0,cyclicDep,83774,smell
sitewhere/,a7ca898667ab3c2778d13f8cbc0b9a2fb5656d15,0,2021-03-23T15:20:57,15.168637504855493,2.7606920258836998,6.4679287643475405,1.1771630351112523,0.0,CONTAINER,PACKAGE,"[com.sitewhere.device.persistence.rdb, com.sitewhere.device.microservice, com.sitewhere.device.configuration, com.sitewhere.device, com.sitewhere.device.spi.microservice]",0.0,,0.0,0.0,0.0,4.2,1.7,5,1.4479869680050709E-5,1,"[10657, 10475, 10401, 10324, 10452]",4.573516289501673,CIRCLE,5,11,2,0.7483314773547882,0.7810249675906654,0.0,,,0,cyclicDep,83784,smell
sitewhere/,a7ca898667ab3c2778d13f8cbc0b9a2fb5656d15,0,2021-03-23T15:20:57,24.33957023787599,4.4298017832934296,9.199492838229869,1.674307696557836,0.0,CONTAINER,PACKAGE,"[com.sitewhere.device.persistence.rdb, com.sitewhere.device.microservice, com.sitewhere.device.configuration]",0.0,,0.0,0.0,0.0,4.333333333333333,1.6666666666666667,3,1.2515352953384936E-5,1,"[10657, 10475, 10451]",3.755677224341895,CIRCLE,3,42,6,0.4714045207910317,0.4714045207910317,0.0,,,0,cyclicDep,83795,smell
sitewhere/,a7ca898667ab3c2778d13f8cbc0b9a2fb5656d15,0,2021-03-23T15:20:57,172.5425650869776,31.40274684582992,70.47230575299332,12.825959647044785,0.0,CONTAINER,PACKAGE,"[com.sitewhere.device.persistence.rdb, com.sitewhere.device.microservice, com.sitewhere.device.configuration, com.sitewhere.device.grpc, com.sitewhere.device.spi.microservice]",0.0,,0.0,0.0,0.0,4.4,2.0,5,1.4026718990383328E-5,1,"[10453, 10657, 10475, 10401, 10415]",3.6836464316188953,CIRCLE,5,2194,366,0.4898979485566356,0.4472135954999579,0.0,,,0,cyclicDep,83804,smell
sitewhere/,a7ca898667ab3c2778d13f8cbc0b9a2fb5656d15,0,2021-03-23T15:20:57,22.21490004401354,4.043111808010464,8.885960017605417,1.617244723204186,0.0,CONTAINER,PACKAGE,"[com.sitewhere.device.persistence.rdb, com.sitewhere.device.microservice, com.sitewhere.device.configuration, com.sitewhere.device.spi.microservice]",0.0,,0.0,0.0,0.0,4.5,2.0,4,1.5517999786493432E-5,1,"[10657, 10475, 10401, 10450]",4.442980008802708,CIRCLE,4,25,4,0.5,0.5773502691896257,0.0,,,0,cyclicDep,83815,smell
sitewhere/,a7ca898667ab3c2778d13f8cbc0b9a2fb5656d15,0,2021-03-23T15:20:57,7.365236514715893,1.3404730456782927,3.6826182573579467,0.6702365228391464,0.0,CONTAINER,PACKAGE,"[com.sitewhere.device.persistence.rdb, com.sitewhere.device.configuration, com.sitewhere.device.spi.microservice]",0.0,,0.0,0.0,0.0,4.666666666666667,2.3333333333333335,3,1.7621033653921947E-5,1,"[10475, 10401, 10664]",3.6826182573579467,CIRCLE,3,4,1,0.4714045207910317,0.4714045207910317,0.0,,,0,cyclicDep,83825,smell
sitewhere/,a7ca898667ab3c2778d13f8cbc0b9a2fb5656d15,0,2021-03-23T15:20:57,12.19574366894006,2.219625347747091,5.454102375982532,0.9926466324288208,0.0,CONTAINER,PACKAGE,"[com.sitewhere.device.configuration, com.sitewhere.device.spi.microservice]",0.0,,0.0,0.0,0.0,4.5,2.0,2,1.9769112424325854E-5,1,"[10401, 10474]",5.454102375982532,TINY,2,5,1,0.5,0.0,0.0,,,0,cyclicDep,83834,smell
sitewhere/,a7ca898667ab3c2778d13f8cbc0b9a2fb5656d15,0,2021-03-23T15:20:57,24.703754275902554,4.4960832782142655,9.743292082555186,1.7732791590250438,0.0,CONTAINER,PACKAGE,"[com.sitewhere.devicestate.configuration, com.sitewhere.devicestate.microservice, com.sitewhere.devicestate.persistence.rdb]",0.0,,0.0,0.0,0.0,4.333333333333333,1.6666666666666667,3,1.4697528088478374E-5,1,"[10722, 10564, 10348]",3.6826182573579467,CIRCLE,3,45,7,0.4714045207910317,0.4714045207910317,0.0,,,0,cyclicDep,83842,smell
sitewhere/,a7ca898667ab3c2778d13f8cbc0b9a2fb5656d15,0,2021-03-23T15:20:57,55.00857188110624,10.011560082361337,24.43454614802287,4.447087398940163,0.0,CONTAINER,PACKAGE,"[com.sitewhere.devicestate.configuration, com.sitewhere.devicestate.spi.microservice, com.sitewhere.devicestate.grpc, com.sitewhere.devicestate.persistence.rdb, com.sitewhere.devicestate.microservice]",0.0,,0.0,0.0,0.0,4.4,2.0,5,1.7560131704842136E-5,1,"[10351, 10722, 10564, 10558, 10476]",3.6836464316188953,CIRCLE,5,223,44,0.4898979485566356,0.4472135954999579,0.0,,,0,cyclicDep,83851,smell
sitewhere/,a7ca898667ab3c2778d13f8cbc0b9a2fb5656d15,0,2021-03-23T15:20:57,12.243821226691537,2.22837546325786,5.2207829129213295,0.950182490151682,0.0,CONTAINER,PACKAGE,"[com.sitewhere.devicestate.configuration, com.sitewhere.devicestate.kafka, com.sitewhere.devicestate.persistence.rdb, com.sitewhere.devicestate.microservice]",0.0,,0.0,0.0,0.0,4.25,1.8333333333333333,4,1.3083916642994503E-5,1,"[10363, 10722, 10564, 10696]",3.6916510008295287,CIRCLE,4,11,2,0.4330127018922193,0.37267799624996495,0.0,,,0,cyclicDep,83862,smell
sitewhere/,a7ca898667ab3c2778d13f8cbc0b9a2fb5656d15,0,2021-03-23T15:20:57,14.26670128297636,2.5965396335016977,6.38026277668372,1.161207825356437,0.0,CONTAINER,PACKAGE,"[com.sitewhere.devicestate.configuration, com.sitewhere.devicestate.spi.microservice, com.sitewhere.devicestate.kafka, com.sitewhere.devicestate.persistence.rdb, com.sitewhere.devicestate.microservice]",0.0,,0.0,0.0,0.0,4.4,2.0,5,1.7560131704842136E-5,1,"[10363, 10722, 10564, 10558, 10695]",3.6836464316188953,CIRCLE,5,15,3,0.4898979485566356,0.4472135954999579,0.0,,,0,cyclicDep,83872,smell
sitewhere/,a7ca898667ab3c2778d13f8cbc0b9a2fb5656d15,0,2021-03-23T15:20:57,23.510040366647065,4.278827346729766,8.885960017605417,1.617244723204186,0.0,CONTAINER,PACKAGE,"[com.sitewhere.devicestate.configuration, com.sitewhere.devicestate.spi.microservice, com.sitewhere.devicestate.persistence.rdb, com.sitewhere.devicestate.microservice]",0.0,,0.0,0.0,0.0,4.5,2.0,4,1.9889394054416947E-5,1,"[10722, 10564, 10558, 10346]",4.442980008802708,CIRCLE,4,28,4,0.5,0.5773502691896257,0.0,,,0,cyclicDep,83883,smell
sitewhere/,a7ca898667ab3c2778d13f8cbc0b9a2fb5656d15,0,2021-03-23T15:20:57,10.416017369196762,1.8957151611938106,3.6826182573579467,0.6702365228391464,0.0,CONTAINER,PACKAGE,"[com.sitewhere.devicestate.configuration, com.sitewhere.devicestate.spi.microservice, com.sitewhere.devicestate.persistence.rdb]",0.0,,0.0,0.0,0.0,4.666666666666667,2.3333333333333335,3,2.3461136020345464E-5,1,"[10564, 10558, 10723]",3.6826182573579467,CIRCLE,3,8,1,0.4714045207910317,0.4714045207910317,0.0,,,0,cyclicDep,83893,smell
sitewhere/,a7ca898667ab3c2778d13f8cbc0b9a2fb5656d15,0,2021-03-23T15:20:57,12.19574366894006,2.219625347747091,5.454102375982532,0.9926466324288208,0.0,CONTAINER,PACKAGE,"[com.sitewhere.devicestate.configuration, com.sitewhere.devicestate.spi.microservice]",0.0,,0.0,0.0,0.0,4.5,2.0,2,2.8631382558579485E-5,1,"[10558, 10565]",5.454102375982532,TINY,2,5,1,0.5,0.0,0.0,,,0,cyclicDep,83902,smell
sitewhere/,a7ca898667ab3c2778d13f8cbc0b9a2fb5656d15,0,2021-03-23T15:20:57,15.061858655388885,2.741258275280777,7.530929327694443,1.3706291376403885,0.0,CONTAINER,PACKAGE,"[com.sitewhere.event.configuration.providers, com.sitewhere.event.spi.microservice, com.sitewhere.event.configuration]",0.0,,0.0,0.0,0.0,4.666666666666667,1.6666666666666667,3,3.462070724329886E-5,1,"[10545, 10704, 10720]",4.347984074592434,CIRCLE,3,12,3,0.4714045207910317,1.247219128924647,0.0,,,0,cyclicDep,83918,smell
sitewhere/,a7ca898667ab3c2778d13f8cbc0b9a2fb5656d15,0,2021-03-23T15:20:57,7.365236514715893,1.3404730456782927,3.6826182573579467,0.6702365228391464,0.0,CONTAINER,PACKAGE,"[com.sitewhere.event.persistence.influxdb, com.sitewhere.event.spi.microservice, com.sitewhere.event.configuration]",0.0,,0.0,0.0,0.0,4.666666666666667,2.3333333333333335,3,3.462070724329886E-5,1,"[10549, 10704, 10478]",3.6826182573579467,CIRCLE,3,4,1,0.4714045207910317,0.4714045207910317,0.0,,,0,cyclicDep,83927,smell
sitewhere/,a7ca898667ab3c2778d13f8cbc0b9a2fb5656d15,0,2021-03-23T15:20:57,7.365236514715893,1.3404730456782927,3.6826182573579467,0.6702365228391464,0.0,CONTAINER,PACKAGE,"[com.sitewhere.event.spi.microservice, com.sitewhere.event.configuration, com.sitewhere.event.persistence.warp10]",0.0,,0.0,0.0,0.0,4.666666666666667,2.3333333333333335,3,3.462070724329886E-5,1,"[10546, 10704, 10397]",3.6826182573579467,CIRCLE,3,4,1,0.4714045207910317,0.4714045207910317,0.0,,,0,cyclicDep,83936,smell
sitewhere/,a7ca898667ab3c2778d13f8cbc0b9a2fb5656d15,0,2021-03-23T15:20:57,12.19574366894006,2.219625347747091,12.19574366894006,2.219625347747091,0.0,CONTAINER,PACKAGE,"[com.sitewhere.inbound.configuration, com.sitewhere.inbound.spi.microservice]",0.0,,0.0,0.0,0.0,4.5,2.0,2,2.1852598721847284E-5,1,"[10404, 10713]",5.454102375982532,TINY,2,5,5,0.5,0.0,0.0,,,0,cyclicDep,83953,smell
sitewhere/,a7ca898667ab3c2778d13f8cbc0b9a2fb5656d15,0,2021-03-23T15:20:57,12.19574366894006,2.219625347747091,12.19574366894006,2.219625347747091,0.0,CONTAINER,PACKAGE,"[com.sitewhere.instance.configuration, com.sitewhere.instance.spi.microservice]",0.0,,0.0,0.0,0.0,4.5,2.0,2,3.5062058924641314E-5,1,"[10533, 10444]",5.454102375982532,TINY,2,5,5,0.5,0.0,0.0,,,0,cyclicDep,83961,smell
sitewhere/,a7ca898667ab3c2778d13f8cbc0b9a2fb5656d15,0,2021-03-23T15:20:57,6.900190281685611,1.2558346312667814,6.900190281685611,1.2558346312667814,0.0,CONTAINER,PACKAGE,"[com.sitewhere.instance.microservice, com.sitewhere.instance.pipeline]",0.0,,0.0,0.0,0.0,4.0,1.0,2,1.2623017136633901E-5,1,"[10605, 10709]",3.983826716590827,TINY,2,3,3,0.0,0.0,0.0,,,0,cyclicDep,83969,smell
sitewhere/,a7ca898667ab3c2778d13f8cbc0b9a2fb5656d15,0,2021-03-23T15:20:57,10.025020393310989,1.8245537115825998,10.025020393310989,1.8245537115825998,0.0,CONTAINER,PACKAGE,"[com.sitewhere.media.configuration, com.sitewhere.media.spi.microservice]",0.0,,0.0,0.0,0.0,4.5,2.0,2,8.319778491301904E-5,1,"[10387, 10386]",5.787948222709588,TINY,2,3,3,0.5,0.0,0.0,,,0,cyclicDep,83993,smell
sitewhere/,a7ca898667ab3c2778d13f8cbc0b9a2fb5656d15,0,2021-03-23T15:20:57,7.365236514715893,1.3404730456782927,5.208008684598381,0.9478575805969053,0.0,CONTAINER,PACKAGE,"[com.sitewhere.schedule.configuration, com.sitewhere.schedule.persistence.rdb, com.sitewhere.schedule.spi.microservice]",0.0,,0.0,0.0,0.0,4.666666666666667,2.3333333333333335,3,2.061844221022733E-5,1,"[10531, 10756, 10671]",3.6826182573579467,CIRCLE,3,4,2,0.4714045207910317,0.4714045207910317,0.0,,,0,cyclicDep,84017,smell
sitewhere/,a7ca898667ab3c2778d13f8cbc0b9a2fb5656d15,0,2021-03-23T15:20:57,12.19574366894006,2.219625347747091,9.446782424883876,1.7193144013288655,0.0,CONTAINER,PACKAGE,"[com.sitewhere.schedule.configuration, com.sitewhere.schedule.spi.microservice]",0.0,,0.0,0.0,0.0,4.5,2.0,2,2.325186666676621E-5,1,"[10756, 10530]",5.454102375982532,TINY,2,5,3,0.5,0.0,0.0,,,0,cyclicDep,84026,smell
sitewhere/,a7ca898667ab3c2778d13f8cbc0b9a2fb5656d15,0,2021-03-23T15:20:57,9.446782424883876,1.7193144013288655,9.446782424883876,1.7193144013288655,0.0,CONTAINER,PACKAGE,"[com.sitewhere.search.configuration, com.sitewhere.search.spi.microservice]",0.0,,0.0,0.0,0.0,4.5,2.0,2,2.6146923163770634E-5,1,"[10327, 10441]",5.454102375982532,TINY,2,3,3,0.5,0.0,0.0,,,0,cyclicDep,84034,smell
sitewhere/,a7ca898667ab3c2778d13f8cbc0b9a2fb5656d15,0,2021-03-23T15:20:57,45.78577606444509,8.333011243729006,15.906169389072662,2.8949228288112248,0.0,CONTAINER,PACKAGE,"[com.sitewhere.sources, com.sitewhere.sources.decoder.json]",0.0,,0.0,0.0,0.0,4.0,1.0,2,3.858751365614065E-5,1,"[10466, 10625]",6.01196693073635,TINY,2,58,7,1.0,0.0,0.0,,,0,cyclicDep,84042,smell
sitewhere/,a7ca898667ab3c2778d13f8cbc0b9a2fb5656d15,0,2021-03-23T15:20:57,19.747840318819723,3.5941069380251895,5.0988704452234765,0.9279944210306728,0.0,CONTAINER,PACKAGE,"[com.sitewhere.sources.manager, com.sitewhere.sources, com.sitewhere.sources.configuration, com.sitewhere.sources.spi.microservice]",0.0,,0.0,0.0,0.0,4.0,1.8333333333333333,4,5.348187727945764E-5,1,"[10685, 10471, 10465, 10378]",5.0988704452234765,CIRCLE,4,15,1,0.7071067811865476,0.3726779962499649,0.0,,,0,cyclicDep,84050,smell
sitewhere/,a7ca898667ab3c2778d13f8cbc0b9a2fb5656d15,0,2021-03-23T15:20:57,15.867977880140797,2.887971974185625,4.400985221905848,0.8009793103868643,0.0,CONTAINER,PACKAGE,"[com.sitewhere.sources.manager, com.sitewhere.sources, com.sitewhere.sources.activemq, com.sitewhere.sources.configuration, com.sitewhere.sources.spi.microservice]",0.0,,0.0,0.0,0.0,4.0,1.7,5,4.447025775197423E-5,1,"[10371, 10685, 10471, 10465, 10411]",4.400985221905848,CIRCLE,5,13,1,0.6324555320336759,0.6403124237432849,0.0,,,0,cyclicDep,84060,smell
sitewhere/,a7ca898667ab3c2778d13f8cbc0b9a2fb5656d15,0,2021-03-23T15:20:57,26.465516467626415,4.816723997108008,16.29962891568315,2.9665324626543335,0.0,CONTAINER,PACKAGE,"[com.sitewhere.sources.manager, com.sitewhere.sources.configuration.eventsource.activemq, com.sitewhere.sources.activemq, com.sitewhere.sources.configuration.eventsource, com.sitewhere.sources.configuration]",0.0,,0.0,0.0,0.0,4.6,1.9,5,3.7083102296496534E-5,1,"[10610, 10410, 10371, 10685, 10666]",4.914523030486222,CIRCLE,5,29,11,0.8,1.3,0.0,,,0,cyclicDep,84071,smell
sitewhere/,a7ca898667ab3c2778d13f8cbc0b9a2fb5656d15,0,2021-03-23T15:20:57,13.23082578863053,2.4080102935307566,4.1839544816966,0.7614797156687811,0.0,CONTAINER,PACKAGE,"[com.sitewhere.sources.manager, com.sitewhere.sources, com.sitewhere.sources.configuration, com.sitewhere.sources.azure, com.sitewhere.sources.spi.microservice]",0.0,,0.0,0.0,0.0,4.0,1.9,5,4.447025775197423E-5,1,"[10372, 10685, 10471, 10465, 10544]",4.1839544816966,CIRCLE,5,10,1,0.6324555320336759,0.3,0.0,,,0,cyclicDep,84082,smell
sitewhere/,a7ca898667ab3c2778d13f8cbc0b9a2fb5656d15,0,2021-03-23T15:20:57,16.204386028900817,2.949198257259949,5.917005172367025,1.0768949413707987,0.0,CONTAINER,PACKAGE,"[com.sitewhere.sources.manager, com.sitewhere.sources, com.sitewhere.sources.configuration, com.sitewhere.sources.coap, com.sitewhere.sources.spi.microservice]",0.0,,0.0,0.0,0.0,4.0,1.9,5,4.447025775197423E-5,1,"[10368, 10685, 10471, 10465, 10344]",4.1839544816966,CIRCLE,5,15,2,0.6324555320336759,0.3,0.0,,,0,cyclicDep,84093,smell
sitewhere/,a7ca898667ab3c2778d13f8cbc0b9a2fb5656d15,0,2021-03-23T15:20:57,19.9850627468715,3.637281419930613,10.575101192848676,1.924668417098459,0.0,CONTAINER,PACKAGE,"[com.sitewhere.sources.manager, com.sitewhere.sources, com.sitewhere.sources.configuration, com.sitewhere.sources.coap, com.sitewhere.sources.decoder.coap, com.sitewhere.sources.spi.microservice]",0.0,,0.0,0.0,0.0,4.166666666666667,2.0,6,3.85141472378401E-5,1,"[10343, 10368, 10685, 10471, 10465, 10613]",3.9970125493742996,CIRCLE,6,25,7,0.6871842709362768,0.3651483716701107,0.0,,,0,cyclicDep,84104,smell
sitewhere/,a7ca898667ab3c2778d13f8cbc0b9a2fb5656d15,0,2021-03-23T15:20:57,11.41811473783289,2.0780968822855863,3.442691127147174,0.6265697851407857,0.0,CONTAINER,PACKAGE,"[com.sitewhere.sources.manager, com.sitewhere.sources.configuration, com.sitewhere.sources.decoder, com.sitewhere.sources.spi.microservice]",0.0,,0.0,0.0,0.0,4.25,2.0,4,4.267760678550702E-5,1,"[10367, 10685, 10471, 10520]",3.442691127147174,CIRCLE,4,11,1,0.4330127018922193,0.0,0.0,,,0,cyclicDep,84124,smell
sitewhere/,a7ca898667ab3c2778d13f8cbc0b9a2fb5656d15,0,2021-03-23T15:20:57,25.791627594755326,4.694076222245469,9.355606635838498,1.7027204077226066,0.0,CONTAINER,PACKAGE,"[com.sitewhere.sources.decoder.protobuf, com.sitewhere.sources.manager, com.sitewhere.sources, com.sitewhere.sources.configuration, com.sitewhere.sources.spi.microservice]",0.0,,0.0,0.0,0.0,4.2,2.0,5,4.447025775197423E-5,1,"[10383, 10685, 10471, 10465, 10728]",4.1839544816966,CIRCLE,5,38,5,0.7483314773547882,0.4472135954999579,0.0,,,0,cyclicDep,84134,smell
sitewhere/,a7ca898667ab3c2778d13f8cbc0b9a2fb5656d15,0,2021-03-23T15:20:57,17.250886260811473,3.1396612994676882,5.917005172367025,1.0768949413707987,0.0,CONTAINER,PACKAGE,"[com.sitewhere.sources.manager, com.sitewhere.sources, com.sitewhere.sources.configuration, com.sitewhere.sources.rabbitmq, com.sitewhere.sources.spi.microservice]",0.0,,0.0,0.0,0.0,4.0,1.9,5,4.447025775197423E-5,1,"[10373, 10685, 10471, 10465, 10589]",4.1839544816966,CIRCLE,5,17,2,0.6324555320336759,0.3,0.0,,,0,cyclicDep,84145,smell
sitewhere/,a7ca898667ab3c2778d13f8cbc0b9a2fb5656d15,0,2021-03-23T15:20:57,5.134241886297318,0.9344320233061117,5.134241886297318,0.9344320233061117,0.0,UNIT,INTERFACE,"[com.sitewhere.commands.spi.ICommandDestination, com.sitewhere.commands.spi.ICommandDeliveryParameterExtractor]",0.0,,0.0,0.0,0.0,4.0,0.0,2,1.8161140531570194E-5,1,"[5801, 5792]",3.6304572540528444,TINY,2,2,2,0.0,0.0,0.0,,,0,cyclicDep,84164,smell
sitewhere/,a7ca898667ab3c2778d13f8cbc0b9a2fb5656d15,0,2021-03-23T15:20:57,8.403374412486562,1.5294141430725543,8.403374412486562,1.5294141430725543,0.0,UNIT,ABSTRACTION,"[com.sitewhere.connectors.configuration.connector.OutboundConnectorConfiguration, com.sitewhere.connectors.configuration.connector.OutboundConnectorStringLookup]",0.0,,0.0,0.0,0.0,5.0,0.0,2,4.990085927030952E-6,1,"[6583, 6588]",3.7581032853404617,TINY,2,5,5,0.0,0.0,0.0,,,0,cyclicDep,84172,smell
sitewhere/,a7ca898667ab3c2778d13f8cbc0b9a2fb5656d15,0,2021-03-23T15:20:57,6.384765926537505,1.1620273986298257,6.384765926537505,1.1620273986298257,0.0,UNIT,CONCRETE_CLASS,"[com.sitewhere.device.microservice.DeviceManagementMicroservice, com.sitewhere.device.persistence.rdb.RdbDeviceManagement, com.sitewhere.device.microservice.DeviceManagementTenantEngine, com.sitewhere.device.configuration.DeviceManagementTenantEngineModule]",0.0,,0.0,0.0,0.0,4.25,1.6666666666666667,4,1.484450621483456E-6,1,"[9137, 3026, 1115, 9124]",3.1923829632687526,CIRCLE,4,4,4,0.4330127018922193,0.4714045207910317,0.0,,,0,cyclicDep,84180,smell
sitewhere/,a7ca898667ab3c2778d13f8cbc0b9a2fb5656d15,0,2021-03-23T15:20:57,11.884166063837535,2.1629182236184317,11.884166063837535,2.1629182236184317,0.0,UNIT,CONCRETE_CLASS,"[com.sitewhere.device.persistence.rdb.entity.RdbAreaBoundary, com.sitewhere.device.persistence.rdb.entity.RdbArea]",0.0,,0.0,0.0,0.0,6.0,0.0,2,2.484084962555184E-6,1,"[1410, 1417]",3.7581032853404617,TINY,2,10,10,0.0,0.0,0.0,,,0,cyclicDep,84190,smell
sitewhere/,a7ca898667ab3c2778d13f8cbc0b9a2fb5656d15,0,2021-03-23T15:20:57,11.11217636032796,2.0224160975796885,7.350013793529662,1.3377025104223985,0.0,UNIT,CONCRETE_CLASS,"[com.sitewhere.device.persistence.rdb.entity.RdbDeviceElementSchema, com.sitewhere.device.persistence.rdb.entity.RdbDeviceSlot, com.sitewhere.device.persistence.rdb.entity.RdbDevice, com.sitewhere.device.persistence.rdb.entity.RdbDeviceUnit, com.sitewhere.device.persistence.rdb.entity.RdbDeviceType]",0.0,,0.0,0.0,0.0,6.0,0.0,5,6.540669183910175E-6,1,"[1447, 1248, 1314, 1452, 1359]",2.77804409008199,CIRCLE,5,16,7,0.0,0.0,0.0,,,0,cyclicDep,84246,smell
sitewhere/,a7ca898667ab3c2778d13f8cbc0b9a2fb5656d15,0,2021-03-23T15:20:57,11.884166063837535,2.1629182236184317,11.884166063837535,2.1629182236184317,0.0,UNIT,CONCRETE_CLASS,"[com.sitewhere.device.persistence.rdb.entity.RdbDeviceAssignmentSummary, com.sitewhere.device.persistence.rdb.entity.RdbDeviceSummary]",0.0,,0.0,0.0,0.0,6.0,0.0,2,8.725756947082206E-6,1,"[1476, 1441]",3.7581032853404617,TINY,2,10,10,0.0,0.0,0.0,,,0,cyclicDep,84273,smell
sitewhere/,a7ca898667ab3c2778d13f8cbc0b9a2fb5656d15,0,2021-03-23T15:20:57,11.884166063837535,2.1629182236184317,11.884166063837535,2.1629182236184317,0.0,UNIT,CONCRETE_CLASS,"[com.sitewhere.device.persistence.rdb.entity.RdbZone, com.sitewhere.device.persistence.rdb.entity.RdbZoneBoundary]",0.0,,0.0,0.0,0.0,6.0,0.0,2,2.341668222710333E-6,1,"[1471, 1331]",3.7581032853404617,TINY,2,10,10,0.0,0.0,0.0,,,0,cyclicDep,84281,smell
sitewhere/,a7ca898667ab3c2778d13f8cbc0b9a2fb5656d15,0,2021-03-23T15:20:57,7.138385316081146,1.2991861275267687,7.138385316081146,1.2991861275267687,0.0,UNIT,CONCRETE_CLASS,"[com.sitewhere.devicestate.microservice.DeviceStateTenantEngine, com.sitewhere.devicestate.microservice.DeviceStateMicroservice, com.sitewhere.devicestate.configuration.DeviceStateTenantEngineModule, com.sitewhere.devicestate.persistence.rdb.RdbDeviceStateManagement]",0.0,,0.0,0.0,0.0,4.25,1.6666666666666667,4,1.5503551856240642E-6,1,"[261, 7771, 2210, 282]",3.1923829632687526,CIRCLE,4,5,5,0.4330127018922193,0.4714045207910317,0.0,,,0,cyclicDep,84289,smell
sitewhere/,a7ca898667ab3c2778d13f8cbc0b9a2fb5656d15,0,2021-03-23T15:20:57,6.76090776591332,1.2304852133962243,6.76090776591332,1.2304852133962243,0.0,UNIT,CONCRETE_CLASS,"[com.sitewhere.instance.microservice.InstanceBootstrapper, com.sitewhere.instance.microservice.InstanceManagementMicroservice]",0.0,,0.0,0.0,0.0,4.0,2.0,2,2.887025294262355E-6,1,"[6660, 6636]",3.903411918616287,TINY,2,3,3,0.0,0.0,0.0,,,0,cyclicDep,84371,smell
sitewhere/,a7ca898667ab3c2778d13f8cbc0b9a2fb5656d15,0,2021-03-23T15:20:57,6.035432674035137,1.098448746674395,6.035432674035137,1.098448746674395,0.0,UNIT,CONCRETE_CLASS,"[com.sitewhere.instance.microservice.InstanceManagementTenantEngine, com.sitewhere.instance.pipeline.PipelineLogMonitor]",0.0,,0.0,0.0,0.0,4.0,1.0,2,2.005042366099311E-6,1,"[6652, 7632]",3.4845586790300493,TINY,2,3,3,0.0,0.0,0.0,,,0,cyclicDep,84379,smell
sitewhere/,a7ca898667ab3c2778d13f8cbc0b9a2fb5656d15,0,2021-03-23T15:20:57,8.098620987278169,1.4739490196846268,8.098620987278169,1.4739490196846268,0.0,UNIT,INTERFACE,"[com.sitewhere.sources.spi.IInboundEventSource, com.sitewhere.sources.spi.IInboundEventReceiver]",0.0,,0.0,0.0,0.0,4.0,2.0,2,2.08495164500968E-5,1,"[3635, 3585]",4.0493104936390845,TINY,2,4,4,0.0,0.0,0.0,,,0,cyclicDep,84387,smell
sitewhere/,a7ca898667ab3c2778d13f8cbc0b9a2fb5656d15,0,2021-03-23T15:20:57,35.22176274891968,6.4103608203033815,14.379224429370232,2.6170188461453825,0.0,CONTAINER,PACKAGE,"[com.sitewhere.commands.manager, com.sitewhere.commands.configuration.extractors, com.sitewhere.commands.configuration, com.sitewhere.commands.configuration.destinations]",0.0,,0.0,0.0,0.0,4.5,3.6666666666666665,7,5.9479793941311855E-5,1,"[10340, 10694, 3399, 10593, 10341, 10338, 10631]",5.434835983728326,STAR,4,42,7,0.5,0.7453559924999298,0.0,,,0,cyclicDep,84411,smell
sitewhere/,a7ca898667ab3c2778d13f8cbc0b9a2fb5656d15,0,2021-03-23T15:20:57,13.38297819535049,2.435702031553789,13.38297819535049,2.435702031553789,0.0,UNIT,CONCRETE_CLASS,"[com.sitewhere.devicestate.persistence.rdb.entity.RdbDeviceState, com.sitewhere.devicestate.persistence.rdb.entity.RdbRecentMeasurementEvent, com.sitewhere.devicestate.persistence.rdb.entity.RdbRecentLocationEvent, com.sitewhere.devicestate.persistence.rdb.entity.RdbRecentAlertEvent]",0.0,,0.0,0.0,0.0,6.0,0.0,6,1.010918107163551E-5,1,"[95, 78, 86, 99, 91, 70]",2.230496365891748,STAR,4,36,36,0.0,0.0,0.0,,,0,cyclicDep,84421,smell
sitewhere/,a7ca898667ab3c2778d13f8cbc0b9a2fb5656d15,0,2021-03-23T15:20:57,26.81502285231845,4.880334159121958,26.81502285231845,4.880334159121958,0.0,UNIT,CONCRETE_CLASS,"[com.sitewhere.event.persistence.influxdb.InfluxDbDeviceCommandInvocation, com.sitewhere.event.persistence.influxdb.InfluxDbDeviceAlert, com.sitewhere.event.persistence.influxdb.InfluxDbDeviceEvent, com.sitewhere.event.persistence.influxdb.InfluxDbDeviceLocation, com.sitewhere.event.persistence.influxdb.InfluxDbDeviceMeasurement, com.sitewhere.event.persistence.influxdb.InfluxDbDeviceCommandResponse, com.sitewhere.event.persistence.influxdb.InfluxDbDeviceStateChange]",0.0,,0.0,0.0,0.0,5.0,2.0,12,9.24138511206727E-6,1,"[5227, 5231, 5203, 5213, 5238, 5243, 5182, 5228, 5230, 5229, 5223, 5193]",4.187802993975512,STAR,7,41,41,0.0,0.0,0.0,,,0,cyclicDep,84431,smell
sitewhere/,a7ca898667ab3c2778d13f8cbc0b9a2fb5656d15,0,2021-03-23T15:20:57,25.13296297211717,4.574199260925325,11.23980273632783,2.0456440980116652,0.0,CONTAINER,PACKAGE,"[com.sitewhere.commands.configuration.router, com.sitewhere.commands.configuration, com.sitewhere.commands.spi.microservice, com.sitewhere.commands.configuration.destinations]",0.0,,0.0,0.0,0.0,4.75,3.0,8,5.2582046752256986E-5,1,"[10694, 10616, 3403, 10691, 3399, 10693, 10341, 10528]",5.026592594423434,STAR,4,25,5,0.4330127018922193,1.5275252316519468,0.0,,,0,cyclicDep,84444,smell
sitewhere/,a7ca898667ab3c2778d13f8cbc0b9a2fb5656d15,0,2021-03-23T15:20:57,27.05479495850038,4.9239726824470695,9.018264986166793,1.6413242274823563,0.0,CONTAINER,PACKAGE,"[com.sitewhere.sources.manager, com.sitewhere.sources.configuration, com.sitewhere.sources.spi.microservice]",0.0,,0.0,0.0,0.0,4.333333333333333,2.0,4,5.40955491666625E-5,1,"[10685, 10377, 10471, 10687]",4.5091324930833965,CHAIN,3,36,4,0.4714045207910317,0.0,0.0,,,0,cyclicDep,84454,smell
sitewhere/,a7ca898667ab3c2778d13f8cbc0b9a2fb5656d15,0,2021-03-23T15:20:57,13.005917011142046,2.3670768960278523,11.589999095466744,2.1093798353749476,0.0,UNIT,CONCRETE_CLASS,"[com.sitewhere.device.persistence.rdb.entity.RdbDeviceGroupElement, com.sitewhere.device.persistence.rdb.entity.RdbDeviceElementMapping, com.sitewhere.device.persistence.rdb.entity.RdbDevice, com.sitewhere.device.persistence.rdb.entity.RdbDeviceGroup]",0.0,,0.0,0.0,0.0,6.0,0.0,6,5.1607169385077884E-6,1,"[1366, 1480, 1231, 1358, 1424, 1223]",2.230496365891748,CHAIN,4,34,27,0.0,0.0,0.0,,,0,cyclicDep,84463,smell
sitewhere/,a7ca898667ab3c2778d13f8cbc0b9a2fb5656d15,0,2021-03-23T15:20:57,11.432336382980683,2.0806852217024843,11.432336382980683,2.0806852217024843,0.0,CONTAINER,PACKAGE,"[com.sitewhere.labels.manager, com.sitewhere.labels.spi.microservice, com.sitewhere.labels.configuration]",0.0,,0.0,0.0,0.0,4.333333333333333,1.6666666666666667,4,1.53560540408965E-5,1,"[10646, 10580, 10517, 10647]",3.6152221947429988,CHAIN,3,10,10,0.4714045207910317,0.4714045207910317,0.0,,,0,cyclicDep,84473,smell
sitewhere/,a7ca898667ab3c2778d13f8cbc0b9a2fb5656d15,0,2021-03-23T15:20:57,16.315836437623176,2.969482231647418,7.8378742996271065,1.4264931225321333,0.0,CONTAINER,PACKAGE,"[com.sitewhere.batch.configuration.manager, com.sitewhere.batch.spi.microservice, com.sitewhere.batch.configuration]",0.0,,0.0,0.0,0.0,4.666666666666667,3.0,4,1.8652543953809838E-5,1,"[10554, 10515, 10675, 10555]",4.52519883676416,CHAIN,3,13,3,0.4714045207910317,0.816496580927726,0.0,,,0,cyclicDep,84482,smell
sitewhere/,a7ca898667ab3c2778d13f8cbc0b9a2fb5656d15,0,2021-03-23T15:20:57,14.435140529065373,2.627195576289898,10.39448919043897,1.8917970326598923,0.0,UNIT,CONCRETE_CLASS,"[com.sitewhere.device.persistence.rdb.entity.RdbDeviceElementSchema, com.sitewhere.device.persistence.rdb.entity.RdbDeviceSlot, com.sitewhere.device.persistence.rdb.entity.RdbDeviceUnit]",0.0,,0.0,0.0,0.0,6.0,0.0,5,5.763780617902986E-6,1,"[1256, 1314, 1446, 1248, 1315]",2.77804409008199,CHAIN,3,27,14,0.0,0.0,0.0,,,0,cyclicDep,84491,smell
sitewhere/,a7ca898667ab3c2778d13f8cbc0b9a2fb5656d15,0,2021-03-23T15:20:57,11.373344494679815,2.0699486980317263,9.463194634404033,1.722301423461534,0.0,UNIT,CONCRETE_CLASS,"[com.sitewhere.device.persistence.rdb.entity.RdbCommandParameter, com.sitewhere.device.persistence.rdb.entity.RdbDeviceStatus, com.sitewhere.device.persistence.rdb.entity.RdbDeviceCommand, com.sitewhere.device.persistence.rdb.entity.RdbDeviceType]",0.0,,0.0,0.0,0.0,6.0,0.0,6,4.138084701738346E-6,1,"[1385, 1484, 1453, 1378, 1273, 1451]",2.230496365891748,CHAIN,4,26,18,0.0,0.0,0.0,,,0,cyclicDep,84500,smell
sitewhere/,a7ca898667ab3c2778d13f8cbc0b9a2fb5656d15,0,2021-03-23T15:20:57,22.294957173300308,4.057682205540656,22.294957173300308,4.057682205540656,0.0,CONTAINER,PACKAGE,"[com.sitewhere.registration.spi.microservice, com.sitewhere.registration, com.sitewhere.registration.configuration]",0.0,,0.0,0.0,0.0,4.0,2.3333333333333335,5,1.559175644562292E-5,1,"[10393, 10503, 10406, 10394, 10502]",4.753300840465281,CHAIN,3,22,22,0.816496580927726,1.247219128924647,0.0,,,0,cyclicDep,84510,smell
sitewhere/,a7ca898667ab3c2778d13f8cbc0b9a2fb5656d15,0,2021-03-23T15:20:57,16.167765162422658,2.942533259560924,9.564978861531095,1.7408261527986595,0.0,CONTAINER,PACKAGE,"[com.sitewhere.connectors.spi.microservice, com.sitewhere.connectors.configuration, com.sitewhere.connectors.manager]",0.0,,0.0,0.0,0.0,4.333333333333333,2.0,4,3.4921836390712324E-5,1,"[10537, 10627, 10679, 10536]",3.6152221947429988,CHAIN,3,20,7,0.4714045207910317,0.0,0.0,,,0,cyclicDep,84519,smell
sitewhere/,a7ca898667ab3c2778d13f8cbc0b9a2fb5656d15,0,2021-03-23T15:20:57,10.003732720833385,1.820679355191676,10.003732720833385,1.820679355191676,0.0,UNIT,CONCRETE_CLASS,"[com.sitewhere.web.rest.controllers.Assignments, com.sitewhere.web.rest.controllers.Customers, com.sitewhere.web.rest.controllers.Areas]",0.0,,0.0,0.0,0.0,5.0,0.0,4,2.876370429624018E-6,1,"[9490, 9617, 9570, 9498]",2.6736100307298867,CHAIN,3,14,14,0.0,0.0,0.0,,,0,cyclicDep,84528,smell
sitewhere/,a7ca898667ab3c2778d13f8cbc0b9a2fb5656d15,0,2021-03-23T15:20:57,19.929627553991796,3.6271922148265068,9.724662491888846,1.76988857352377,0.0,CONTAINER,PACKAGE,"[com.sitewhere.event.configuration.providers, com.sitewhere.event.spi.microservice, com.sitewhere.event.configuration]",0.0,,0.0,0.0,0.0,4.666666666666667,1.6666666666666667,5,3.462070724329886E-5,1,"[10545, 10718, 10704, 10547, 10720]",4.349001278021191,CHAIN,3,21,5,0.4714045207910317,1.247219128924647,0.0,,,0,cyclicDep,84537,smell
