Design smell,Namespace,Class,File,Cause
Unutilized Abstraction,MediatR.Benchmarks,Benchmarks,C:\Users\victo\Downloads\PROYECTOS_ACTUALIZADOS\MediatR-master\MediatR-master\test\MediatR.Benchmarks\Benchmarks.cs,The tool detected the smell in this class because this class is potentially unused.   (Please ignore the smell if the reported class is auto-generated and/or used to serve a specific known purpose.)
Unutilized Abstraction,MediatR.Benchmarks,DotTraceDiagnoserAttribute,C:\Users\victo\Downloads\PROYECTOS_ACTUALIZADOS\MediatR-master\MediatR-master\test\MediatR.Benchmarks\DotTraceDiagnoser.cs,The tool detected the smell in this class because this class is potentially unused.   (Please ignore the smell if the reported class is auto-generated and/or used to serve a specific known purpose.)
Unutilized Abstraction,MediatR.Benchmarks,GenericRequestPostProcessor<TRequest;TResponse>,C:\Users\victo\Downloads\PROYECTOS_ACTUALIZADOS\MediatR-master\MediatR-master\test\MediatR.Benchmarks\GenericRequestPostProcessor.cs,The tool detected the smell in this class because this class is potentially unused.   (Please ignore the smell if the reported class is auto-generated and/or used to serve a specific known purpose.)
Unutilized Abstraction,MediatR.Benchmarks,GenericRequestPreProcessor<TRequest>,C:\Users\victo\Downloads\PROYECTOS_ACTUALIZADOS\MediatR-master\MediatR-master\test\MediatR.Benchmarks\GenericRequestPreProcessor.cs,The tool detected the smell in this class because this class is potentially unused.   (Please ignore the smell if the reported class is auto-generated and/or used to serve a specific known purpose.)
Unnecessary Abstraction,MediatR.Benchmarks,Ping,C:\Users\victo\Downloads\PROYECTOS_ACTUALIZADOS\MediatR-master\MediatR-master\test\MediatR.Benchmarks\Ping.cs,The tool detected the smell in this class because the class contains only a few data members without any method implementation' that indicates that the abstraction might not be required. Following fields and properties are declared in this class: Message
Unutilized Abstraction,MediatR.Benchmarks,PingHandler,C:\Users\victo\Downloads\PROYECTOS_ACTUALIZADOS\MediatR-master\MediatR-master\test\MediatR.Benchmarks\Ping.cs,The tool detected the smell in this class because this class is potentially unused.   (Please ignore the smell if the reported class is auto-generated and/or used to serve a specific known purpose.)
Unnecessary Abstraction,MediatR.Benchmarks,Pinged,C:\Users\victo\Downloads\PROYECTOS_ACTUALIZADOS\MediatR-master\MediatR-master\test\MediatR.Benchmarks\Pinged.cs,The tool detected the smell in this class because the class contains only a few data members without any method implementation' that indicates that the abstraction might not be required. Following fields and properties are declared in this class: 
Unutilized Abstraction,MediatR.Benchmarks,PingedHandler,C:\Users\victo\Downloads\PROYECTOS_ACTUALIZADOS\MediatR-master\MediatR-master\test\MediatR.Benchmarks\Pinged.cs,The tool detected the smell in this class because this class is potentially unused.   (Please ignore the smell if the reported class is auto-generated and/or used to serve a specific known purpose.)
