project,versionId,versionIndex,versionDate,edgeId,edgeLabel,from,fromId,to,toId
train-ticket,313886e99befb94be6cd45f085c98e0019f59829,0,2022-11-01T03:21:39,37367,affects,hubLikeDep,37364,org.myproject.ms.monitoring.instrument.async.SCTRun,4706
train-ticket,313886e99befb94be6cd45f085c98e0019f59829,0,2022-11-01T03:21:39,37385,affects,hubLikeDep,37382,org.myproject.ms.monitoring.instrument.async.SCTCall,2883
train-ticket,313886e99befb94be6cd45f085c98e0019f59829,0,2022-11-01T03:21:39,37403,affects,unstableDep,37400,waitorder,8286
train-ticket,313886e99befb94be6cd45f085c98e0019f59829,0,2022-11-01T03:21:39,37413,affects,unstableDep,37410,auth.service,4522
train-ticket,313886e99befb94be6cd45f085c98e0019f59829,0,2022-11-01T03:21:39,37423,affects,unstableDep,37420,user,7013
train-ticket,313886e99befb94be6cd45f085c98e0019f59829,0,2022-11-01T03:21:39,37433,affects,unstableDep,37430,auth,5192
train-ticket,313886e99befb94be6cd45f085c98e0019f59829,0,2022-11-01T03:21:39,46148,affects,cyclicDep,46145,auth.service.impl,4066
train-ticket,313886e99befb94be6cd45f085c98e0019f59829,0,2022-11-01T03:21:39,46149,affects,cyclicDep,46145,auth.service,4522
train-ticket,313886e99befb94be6cd45f085c98e0019f59829,0,2022-11-01T03:21:39,46156,affects,cyclicDep,46153,org.myproject.ms.monitoring.instrument.schedl,591
train-ticket,313886e99befb94be6cd45f085c98e0019f59829,0,2022-11-01T03:21:39,46157,affects,cyclicDep,46153,org.myproject.ms.monitoring.instrument.async,5857
train-ticket,313886e99befb94be6cd45f085c98e0019f59829,0,2022-11-01T03:21:39,46158,affects,cyclicDep,46153,org.myproject.ms.monitoring.trace,4682
train-ticket,313886e99befb94be6cd45f085c98e0019f59829,0,2022-11-01T03:21:39,46159,affects,cyclicDep,46153,org.myproject.ms.monitoring.atcfg,7388
train-ticket,313886e99befb94be6cd45f085c98e0019f59829,0,2022-11-01T03:21:39,46166,affects,cyclicDep,46163,user.service.impl,1852
train-ticket,313886e99befb94be6cd45f085c98e0019f59829,0,2022-11-01T03:21:39,46167,affects,cyclicDep,46163,user.service,3937
train-ticket,313886e99befb94be6cd45f085c98e0019f59829,0,2022-11-01T03:21:39,46174,affects,cyclicDep,46171,verifycode.service.impl,7969
train-ticket,313886e99befb94be6cd45f085c98e0019f59829,0,2022-11-01T03:21:39,46175,affects,cyclicDep,46171,verifycode.service,5617
train-ticket,313886e99befb94be6cd45f085c98e0019f59829,0,2022-11-01T03:21:39,46182,affects,cyclicDep,46179,org.myproject.ms.monitoring.instrument.async.ADAtcfg,5989
train-ticket,313886e99befb94be6cd45f085c98e0019f59829,0,2022-11-01T03:21:39,46183,affects,cyclicDep,46179,org.myproject.ms.monitoring.instrument.async.ACAtcfg,5981
train-ticket,313886e99befb94be6cd45f085c98e0019f59829,0,2022-11-01T03:21:39,46190,affects,cyclicDep,46187,org.myproject.ms.monitoring.instrument.web.client.TRTInter,7842
train-ticket,313886e99befb94be6cd45f085c98e0019f59829,0,2022-11-01T03:21:39,46191,affects,cyclicDep,46187,org.myproject.ms.monitoring.instrument.web.client.THResp,7879
