Design smell,Namespace,Class,File,Cause
Unutilized Abstraction,Customer.Controllers,CustomerController,C:\Users\victo\Downloads\PROYECTOS_ACTUALIZADOS\vehicle-tracking-microservices-master\vehicle-tracking-microservices-master\vehicle-tracking-poc\Customer\Controllers\CustomerController.cs,The tool detected the smell in this class because this class is potentially unused.   (Please ignore the smell if the reported class is auto-generated and/or used to serve a specific known purpose.)
Unutilized Abstraction,Customer.Controllers.Mediator,CustomerPublisherHandler,C:\Users\victo\Downloads\PROYECTOS_ACTUALIZADOS\vehicle-tracking-microservices-master\vehicle-tracking-microservices-master\vehicle-tracking-poc\Customer\Controllers\Mediator\CustomerPublisherHandler.cs,The tool detected the smell in this class because this class is potentially unused.   (Please ignore the smell if the reported class is auto-generated and/or used to serve a specific known purpose.)
Duplicate Abstraction,Customer.Controllers.Mediator,CustomerRequest,C:\Users\victo\Downloads\PROYECTOS_ACTUALIZADOS\vehicle-tracking-microservices-master\vehicle-tracking-microservices-master\vehicle-tracking-poc\Customer\Controllers\Mediator\CustomerRequest.cs,The tool detected the smell in this class because two or more abstractions have identical names. The abstractions with identical names are: Customer.Controllers.Mediator.CustomerRequest' Customer.Models.CustomerRequest
Unutilized Abstraction,Customer.Controllers.Mediator,CustomerRequestHandler,C:\Users\victo\Downloads\PROYECTOS_ACTUALIZADOS\vehicle-tracking-microservices-master\vehicle-tracking-microservices-master\vehicle-tracking-poc\Customer\Controllers\Mediator\CustomerRequestHandler.cs,The tool detected the smell in this class because this class is potentially unused.   (Please ignore the smell if the reported class is auto-generated and/or used to serve a specific known purpose.)
Unnecessary Abstraction,Customer.Models,CustomerRequest,C:\Users\victo\Downloads\PROYECTOS_ACTUALIZADOS\vehicle-tracking-microservices-master\vehicle-tracking-microservices-master\vehicle-tracking-poc\Customer\Models\CustomerRequest.cs,The tool detected the smell in this class because the class contains only a few data members without any method implementation' that indicates that the abstraction might not be required. Following fields and properties are declared in this class: Name' Mobile' Email' BirthDate' Country
Unnecessary Abstraction,Customer.Models,Identifiers,C:\Users\victo\Downloads\PROYECTOS_ACTUALIZADOS\vehicle-tracking-microservices-master\vehicle-tracking-microservices-master\vehicle-tracking-poc\Customer\Models\Identifiers.cs,The tool detected the smell in this class because the class contains only a few data members without any method implementation' that indicates that the abstraction might not be required. Following fields and properties are declared in this class: ' DomainModel' CustomerDomainModel' CustomerResponseDomainModel
Feature Envy,Customer,Startup,C:\Users\victo\Downloads\PROYECTOS_ACTUALIZADOS\vehicle-tracking-microservices-master\vehicle-tracking-microservices-master\vehicle-tracking-poc\Customer\Startup.cs,The tool detected the smell because a method in this type accesses members from another type more than the members from its own type. The method causing this smell is: Startup which is more interested in members of the type: MiddlewareConfiguration
Feature Envy,Customer,Startup,C:\Users\victo\Downloads\PROYECTOS_ACTUALIZADOS\vehicle-tracking-microservices-master\vehicle-tracking-microservices-master\vehicle-tracking-poc\Customer\Startup.cs,The tool detected the smell because a method in this type accesses members from another type more than the members from its own type. The method causing this smell is: ConfigureServices which is more interested in members of the type: MiddlewareConfiguration
Broken Modularization,Customer.Models,CustomerRequest,C:\Users\victo\Downloads\PROYECTOS_ACTUALIZADOS\vehicle-tracking-microservices-master\vehicle-tracking-microservices-master\vehicle-tracking-poc\Customer\Models\CustomerRequest.cs,The tool detected the smell in this class because it contains only data members without any method implementation. Following fields and properties are declared in this class: Name' Mobile' Email' BirthDate' Country
