Design smell,Namespace,Class,File,Cause
Unutilized Abstraction,Tracking.Controllers.Mediator,TrackingRequestHandler,C:\Users\victo\Downloads\PROYECTOS_ACTUALIZADOS\vehicle-tracking-microservices-master\vehicle-tracking-microservices-master\vehicle-tracking-poc\Tracking\Controllers\Mediator\TrackingRequestHandler.cs,The tool detected the smell in this class because this class is potentially unused.   (Please ignore the smell if the reported class is auto-generated and/or used to serve a specific known purpose.)
Unutilized Abstraction,Tracking.Controllers,TrackingController,C:\Users\victo\Downloads\PROYECTOS_ACTUALIZADOS\vehicle-tracking-microservices-master\vehicle-tracking-microservices-master\vehicle-tracking-poc\Tracking\Controllers\TrackingController.cs,The tool detected the smell in this class because this class is potentially unused.   (Please ignore the smell if the reported class is auto-generated and/or used to serve a specific known purpose.)
Unnecessary Abstraction,Tracking.Models,Identifiers,C:\Users\victo\Downloads\PROYECTOS_ACTUALIZADOS\vehicle-tracking-microservices-master\vehicle-tracking-microservices-master\vehicle-tracking-poc\Tracking\Models\Identifiers.cs,The tool detected the smell in this class because the class contains only a few data members without any method implementation' that indicates that the abstraction might not be required. Following fields and properties are declared in this class: ' DomainModel' TrackingDomainModel
Feature Envy,Tracking,Startup,C:\Users\victo\Downloads\PROYECTOS_ACTUALIZADOS\vehicle-tracking-microservices-master\vehicle-tracking-microservices-master\vehicle-tracking-poc\Tracking\Startup.cs,The tool detected the smell because a method in this type accesses members from another type more than the members from its own type. The method causing this smell is: Startup which is more interested in members of the type: MiddlewareConfiguration
Feature Envy,Tracking,Startup,C:\Users\victo\Downloads\PROYECTOS_ACTUALIZADOS\vehicle-tracking-microservices-master\vehicle-tracking-microservices-master\vehicle-tracking-poc\Tracking\Startup.cs,The tool detected the smell because a method in this type accesses members from another type more than the members from its own type. The method causing this smell is: ConfigureServices which is more interested in members of the type: MiddlewareConfiguration
