Design smell,Namespace,Class,File,Cause
Unnecessary Abstraction,DomainModels.Business.CustomerDomain,CustomerFilter,C:\Users\victo\Downloads\PROYECTOS_ACTUALIZADOS\vehicle-tracking-microservices-master\vehicle-tracking-microservices-master\vehicle-tracking-poc\DomainModels\Business\CustomerDomain\CustomerFilterModel.cs,The tool detected the smell in this class because the class contains only a few data members without any method implementation' that indicates that the abstraction might not be required. Following fields and properties are declared in this class: CorrelationId
Unnecessary Abstraction,DomainModels.Business.PingDomain,Ping,C:\Users\victo\Downloads\PROYECTOS_ACTUALIZADOS\vehicle-tracking-microservices-master\vehicle-tracking-microservices-master\vehicle-tracking-poc\DomainModels\Business\PingDomain\PingModel.cs,The tool detected the smell in this class because the class contains only a few data members without any method implementation' that indicates that the abstraction might not be required. Following fields and properties are declared in this class: ChassisNumber' Status' Message
Unnecessary Abstraction,DomainModels.Business.TrackingDomain,TrackingFilter,C:\Users\victo\Downloads\PROYECTOS_ACTUALIZADOS\vehicle-tracking-microservices-master\vehicle-tracking-microservices-master\vehicle-tracking-poc\DomainModels\Business\TrackingDomain\TrackingFilterModel.cs,The tool detected the smell in this class because the class contains only a few data members without any method implementation' that indicates that the abstraction might not be required. Following fields and properties are declared in this class: StartFromTime' EndByTime' rowsCount' PageNo
Unnecessary Abstraction,DomainModels.Business.VehicleDomain,VehicleFilter,C:\Users\victo\Downloads\PROYECTOS_ACTUALIZADOS\vehicle-tracking-microservices-master\vehicle-tracking-microservices-master\vehicle-tracking-poc\DomainModels\Business\VehcileDomain\VehicleFilterModel.cs,The tool detected the smell in this class because the class contains only a few data members without any method implementation' that indicates that the abstraction might not be required. Following fields and properties are declared in this class: CorrelationId' CustomerId
Unnecessary Abstraction,DomainModels.DataStructure,RabbitMQConfiguration,C:\Users\victo\Downloads\PROYECTOS_ACTUALIZADOS\vehicle-tracking-microservices-master\vehicle-tracking-microservices-master\vehicle-tracking-poc\DomainModels\DataStructue\RabbitMQConfiguration.cs,The tool detected the smell in this class because the class contains only a few data members without any method implementation' that indicates that the abstraction might not be required. Following fields and properties are declared in this class: ' hostName' userName' password' exchange' routes
Duplicate Abstraction,DomainModels.System,Identifiers,C:\Users\victo\Downloads\PROYECTOS_ACTUALIZADOS\vehicle-tracking-microservices-master\vehicle-tracking-microservices-master\vehicle-tracking-poc\DomainModels\System\Identifiers.cs,The tool detected the smell in this class because two or more abstractions have identical names. The abstractions with identical names are: DomainModels.System.Identifiers' DomainModels.Types.Identifiers
Unnecessary Abstraction,DomainModels.System,IFilter,C:\Users\victo\Downloads\PROYECTOS_ACTUALIZADOS\vehicle-tracking-microservices-master\vehicle-tracking-microservices-master\vehicle-tracking-poc\DomainModels\System\IFilter.cs,The tool detected the smell in this class because the class contains only a few data members without any method implementation' that indicates that the abstraction might not be required. Following fields and properties are declared in this class: StartFromTime' EndByTime' rowsCount' PageNo
Unnecessary Abstraction,DomainModels.Types,IDomainModel,C:\Users\victo\Downloads\PROYECTOS_ACTUALIZADOS\vehicle-tracking-microservices-master\vehicle-tracking-microservices-master\vehicle-tracking-poc\DomainModels\Types\DomainModel.cs,The tool detected the smell in this class because the class contains only a few data members without any method implementation' that indicates that the abstraction might not be required. Following fields and properties are declared in this class: Header' Body' Footer
Unnecessary Abstraction,DomainModels.Types,DomainModel<Model>,C:\Users\victo\Downloads\PROYECTOS_ACTUALIZADOS\vehicle-tracking-microservices-master\vehicle-tracking-microservices-master\vehicle-tracking-poc\DomainModels\Types\DomainModel.cs,The tool detected the smell in this class because the class contains only a few data members without any method implementation' that indicates that the abstraction might not be required. Following fields and properties are declared in this class: Header' Body' Footer
Unnecessary Abstraction,DomainModels.Types,Identifiers,C:\Users\victo\Downloads\PROYECTOS_ACTUALIZADOS\vehicle-tracking-microservices-master\vehicle-tracking-microservices-master\vehicle-tracking-poc\DomainModels\Types\Identifiers.cs,The tool detected the smell in this class because the class contains only a few data members without any method implementation' that indicates that the abstraction might not be required. Following fields and properties are declared in this class: ' MessagePublisherRoute' CorrelationId' ApplicationJson
Unnecessary Abstraction,DomainModels.Types,IDescribe,C:\Users\victo\Downloads\PROYECTOS_ACTUALIZADOS\vehicle-tracking-microservices-master\vehicle-tracking-microservices-master\vehicle-tracking-poc\DomainModels\Types\IDescribe.cs,The tool detected the smell in this class because the class contains only a few data members without any method implementation' that indicates that the abstraction might not be required. Following fields and properties are declared in this class: Description
Unutilized Abstraction,DomainModels.Types,IDescribe,C:\Users\victo\Downloads\PROYECTOS_ACTUALIZADOS\vehicle-tracking-microservices-master\vehicle-tracking-microservices-master\vehicle-tracking-poc\DomainModels\Types\IDescribe.cs,The tool detected the smell in this class because this class is potentially unused.   (Please ignore the smell if the reported class is auto-generated and/or used to serve a specific known purpose.)
Unnecessary Abstraction,DomainModels.Types,IOptional,C:\Users\victo\Downloads\PROYECTOS_ACTUALIZADOS\vehicle-tracking-microservices-master\vehicle-tracking-microservices-master\vehicle-tracking-poc\DomainModels\Types\IOptional.cs,The tool detected the smell in this class because the class contains only a few data members without any method implementation' that indicates that the abstraction might not be required. Following fields and properties are declared in this class: IsOptional
Unnecessary Abstraction,DomainModels.Types.Messages,IMessageHeader,C:\Users\victo\Downloads\PROYECTOS_ACTUALIZADOS\vehicle-tracking-microservices-master\vehicle-tracking-microservices-master\vehicle-tracking-poc\DomainModels\Types\Messages\IMessageHeader.cs,The tool detected the smell in this class because the class contains only a few data members without any method implementation' that indicates that the abstraction might not be required. Following fields and properties are declared in this class: ExecutionId' CorrelationId' Timestamp
Unnecessary Abstraction,DomainModels.Types.Messages,Message,C:\Users\victo\Downloads\PROYECTOS_ACTUALIZADOS\vehicle-tracking-microservices-master\vehicle-tracking-microservices-master\vehicle-tracking-poc\DomainModels\Types\Messages\Message.cs,The tool detected the smell in this class because the class contains only a few data members without any method implementation' that indicates that the abstraction might not be required. Following fields and properties are declared in this class: 
Unutilized Abstraction,DomainModels.Types.Messages,Message,C:\Users\victo\Downloads\PROYECTOS_ACTUALIZADOS\vehicle-tracking-microservices-master\vehicle-tracking-microservices-master\vehicle-tracking-poc\DomainModels\Types\Messages\Message.cs,The tool detected the smell in this class because this class is potentially unused.   (Please ignore the smell if the reported class is auto-generated and/or used to serve a specific known purpose.)
Deficient Encapsulation,DomainModels.DataStructure,RabbitMQConfiguration,C:\Users\victo\Downloads\PROYECTOS_ACTUALIZADOS\vehicle-tracking-microservices-master\vehicle-tracking-microservices-master\vehicle-tracking-poc\DomainModels\DataStructue\RabbitMQConfiguration.cs,The tool detected the smell in this class because the class exposes fields belonging to it with public accessibility. Following fields are declared with public accessiblity: hostName' userName' password' exchange' routes
Broken Modularization,DomainModels.Business.CustomerDomain,Customer,C:\Users\victo\Downloads\PROYECTOS_ACTUALIZADOS\vehicle-tracking-microservices-master\vehicle-tracking-microservices-master\vehicle-tracking-poc\DomainModels\Business\CustomerDomain\CustomerModel.cs,The tool detected the smell in this class because it contains only data members without any method implementation. Following fields and properties are declared in this class: Id' CorrelationId' Name' Mobile' Email' BirthDate' Country' Vehicles
Broken Modularization,DomainModels.Business.TrackingDomain,Tracking,C:\Users\victo\Downloads\PROYECTOS_ACTUALIZADOS\vehicle-tracking-microservices-master\vehicle-tracking-microservices-master\vehicle-tracking-poc\DomainModels\Business\TrackingDomain\TrackingModel.cs,The tool detected the smell in this class because it contains only data members without any method implementation. Following fields and properties are declared in this class: CorrelationId' ChassisNumber' Model' Owner' OwnerRef' Status' Message' Timestamp
Broken Modularization,DomainModels.Business.VehicleDomain,Vehicle,C:\Users\victo\Downloads\PROYECTOS_ACTUALIZADOS\vehicle-tracking-microservices-master\vehicle-tracking-microservices-master\vehicle-tracking-poc\DomainModels\Business\VehcileDomain\VehicleModel.cs,The tool detected the smell in this class because it contains only data members without any method implementation. Following fields and properties are declared in this class: Id' CorrelationId' ChassisNumber' Model' Color' ProductionYear' Country' Features' CustomerId' CustomerName
Broken Modularization,DomainModels.DataStructure,RabbitMQConfiguration,C:\Users\victo\Downloads\PROYECTOS_ACTUALIZADOS\vehicle-tracking-microservices-master\vehicle-tracking-microservices-master\vehicle-tracking-poc\DomainModels\DataStructue\RabbitMQConfiguration.cs,The tool detected the smell in this class because it contains only data members without any method implementation. Following fields and properties are declared in this class: ' hostName' userName' password' exchange' routes
Broken Modularization,DomainModels.System,Identifiers,C:\Users\victo\Downloads\PROYECTOS_ACTUALIZADOS\vehicle-tracking-microservices-master\vehicle-tracking-microservices-master\vehicle-tracking-poc\DomainModels\System\Identifiers.cs,The tool detected the smell in this class because it contains only data members without any method implementation. Following fields and properties are declared in this class: ' CacheServer' CacheDBVehicles' MessagesMiddleware' MiddlewareExchange' MessageSubscriberRoutes' MessagePublisherRoute' MessagesMiddlewareUsername' MessagesMiddlewarePassword' EventDbConnection' DefaultJsonObject' RetryCount' DataPageSize' TimeoutInSec' BreakTimeoutInSec' CircutBreakerExceptionsCount' MaxRowsCount' cache_db_idx0' cache_db_idx1' cache_db_idx2' PingServiceName' TrackingServiceName' VeihcleServiceName' CustomerServiceName' onPing
Broken Modularization,DomainModels.Types.Messages,IMessageFooter,C:\Users\victo\Downloads\PROYECTOS_ACTUALIZADOS\vehicle-tracking-microservices-master\vehicle-tracking-microservices-master\vehicle-tracking-poc\DomainModels\Types\Messages\IMessageFooter.cs,The tool detected the smell in this class because it contains only data members without any method implementation. Following fields and properties are declared in this class: Sender' Assembly' Environment' Route' FingerPrint' Hint
Broken Modularization,DomainModels.Types.Messages,MessageFooter,C:\Users\victo\Downloads\PROYECTOS_ACTUALIZADOS\vehicle-tracking-microservices-master\vehicle-tracking-microservices-master\vehicle-tracking-poc\DomainModels\Types\Messages\MessageFooter.cs,The tool detected the smell in this class because it contains only data members without any method implementation. Following fields and properties are declared in this class: Sender' Assembly' Environment' Route' FingerPrint' Hint
