Design smell,Namespace,Class,File,Cause
Unutilized Abstraction,Ping.Controllers.Mediator,PingPublisherHandler,C:\Users\victo\Downloads\PROYECTOS_ACTUALIZADOS\vehicle-tracking-microservices-master\vehicle-tracking-microservices-master\vehicle-tracking-poc\Ping\Controllers\Mediator\PingPublisherHandler.cs,The tool detected the smell in this class because this class is potentially unused.   (Please ignore the smell if the reported class is auto-generated and/or used to serve a specific known purpose.)
Unnecessary Abstraction,Ping.Helper,Mappers,C:\Users\victo\Downloads\PROYECTOS_ACTUALIZADOS\vehicle-tracking-microservices-master\vehicle-tracking-microservices-master\vehicle-tracking-poc\Ping\Helper\Mappers.cs,The tool detected the smell in this class because the class contains only a few data members without any method implementation' that indicates that the abstraction might not be required. Following fields and properties are declared in this class: ' inferStatus
Unnecessary Abstraction,Ping.Models,Identifiers,C:\Users\victo\Downloads\PROYECTOS_ACTUALIZADOS\vehicle-tracking-microservices-master\vehicle-tracking-microservices-master\vehicle-tracking-poc\Ping\Models\Identifiers.cs,The tool detected the smell in this class because the class contains only a few data members without any method implementation' that indicates that the abstraction might not be required. Following fields and properties are declared in this class: ' DomainModel' PingDomainModel' ServiceName
Unnecessary Abstraction,Ping.Models,PingRequest,C:\Users\victo\Downloads\PROYECTOS_ACTUALIZADOS\vehicle-tracking-microservices-master\vehicle-tracking-microservices-master\vehicle-tracking-poc\Ping\Models\PingRequest.cs,The tool detected the smell in this class because the class contains only a few data members without any method implementation' that indicates that the abstraction might not be required. Following fields and properties are declared in this class: Status' Message
Feature Envy,Ping,Startup,C:\Users\victo\Downloads\PROYECTOS_ACTUALIZADOS\vehicle-tracking-microservices-master\vehicle-tracking-microservices-master\vehicle-tracking-poc\Ping\Startup.cs,The tool detected the smell because a method in this type accesses members from another type more than the members from its own type. The method causing this smell is: Startup which is more interested in members of the type: MiddlewareConfiguration
Feature Envy,Ping,Startup,C:\Users\victo\Downloads\PROYECTOS_ACTUALIZADOS\vehicle-tracking-microservices-master\vehicle-tracking-microservices-master\vehicle-tracking-poc\Ping\Startup.cs,The tool detected the smell because a method in this type accesses members from another type more than the members from its own type. The method causing this smell is: ConfigureServices which is more interested in members of the type: MiddlewareConfiguration
Deficient Encapsulation,Ping.Helper,Mappers,C:\Users\victo\Downloads\PROYECTOS_ACTUALIZADOS\vehicle-tracking-microservices-master\vehicle-tracking-microservices-master\vehicle-tracking-poc\Ping\Helper\Mappers.cs,The tool detected the smell in this class because the class exposes fields belonging to it with public accessibility. Following fields are declared with public accessiblity: inferStatus
Deficient Encapsulation,Ping.Helper,Mappers,C:\Users\victo\Downloads\PROYECTOS_ACTUALIZADOS\vehicle-tracking-microservices-master\vehicle-tracking-microservices-master\vehicle-tracking-poc\Ping\Helper\Mappers.cs,The tool detected the smell in this class because the class declares global (public static) fields. Following fields are declared with public static modifiers: inferStatus
