Design smell,Namespace,Class,File,Cause
Unutilized Abstraction,Api.Authentication,AuthenticationExtensions,C:\Users\victo\Downloads\PROYECTOS_ACTUALIZADOS\dotnet-istanbul-microservices-demo-master\dotnet-istanbul-microservices-demo-master\DotnetIst.Api\src\Api\Authentication\AuthenticationExtensions.cs,The tool detected the smell in this class because this class is potentially unused.   (Please ignore the smell if the reported class is auto-generated and/or used to serve a specific known purpose.)
Unnecessary Abstraction,Api.Authentication,LoginModel,C:\Users\victo\Downloads\PROYECTOS_ACTUALIZADOS\dotnet-istanbul-microservices-demo-master\dotnet-istanbul-microservices-demo-master\DotnetIst.Api\src\Api\Authentication\Model\LoginModel.cs,The tool detected the smell in this class because the class contains only a few data members without any method implementation' that indicates that the abstraction might not be required. Following fields and properties are declared in this class: Email' Password
Unnecessary Abstraction,Api.Authentication,TokenModel,C:\Users\victo\Downloads\PROYECTOS_ACTUALIZADOS\dotnet-istanbul-microservices-demo-master\dotnet-istanbul-microservices-demo-master\DotnetIst.Api\src\Api\Authentication\Model\TokenModel.cs,The tool detected the smell in this class because the class contains only a few data members without any method implementation' that indicates that the abstraction might not be required. Following fields and properties are declared in this class: CustomerId' Email
Unutilized Abstraction,Api.Controllers,HomeController,C:\Users\victo\Downloads\PROYECTOS_ACTUALIZADOS\dotnet-istanbul-microservices-demo-master\dotnet-istanbul-microservices-demo-master\DotnetIst.Api\src\Api\Controllers\HomeController.cs,The tool detected the smell in this class because this class is potentially unused.   (Please ignore the smell if the reported class is auto-generated and/or used to serve a specific known purpose.)
Unutilized Abstraction,Api.Controllers,ProductController,C:\Users\victo\Downloads\PROYECTOS_ACTUALIZADOS\dotnet-istanbul-microservices-demo-master\dotnet-istanbul-microservices-demo-master\DotnetIst.Api\src\Api\Controllers\ProductController.cs,The tool detected the smell in this class because this class is potentially unused.   (Please ignore the smell if the reported class is auto-generated and/or used to serve a specific known purpose.)
Unutilized Abstraction,Api.Controllers,TokenController,C:\Users\victo\Downloads\PROYECTOS_ACTUALIZADOS\dotnet-istanbul-microservices-demo-master\dotnet-istanbul-microservices-demo-master\DotnetIst.Api\src\Api\Controllers\TokenController.cs,The tool detected the smell in this class because this class is potentially unused.   (Please ignore the smell if the reported class is auto-generated and/or used to serve a specific known purpose.)
Broken Modularization,Api.Models,Customer,C:\Users\victo\Downloads\PROYECTOS_ACTUALIZADOS\dotnet-istanbul-microservices-demo-master\dotnet-istanbul-microservices-demo-master\DotnetIst.Api\src\Api\Models\Customer.cs,The tool detected the smell in this class because it contains only data members without any method implementation. Following fields and properties are declared in this class: Id' Email' Password' FirstName' LastName' Address
